<?xml version="1.0" encoding="utf-8"?>
<extension version="3.1" type="module" client="site" method="upgrade">
	<name>EasySocial Stream</name>
	<author>Stack Ideas Sdn Bhd</author>
	<creationDate>29th March 2018</creationDate>
	<copyright>Copyright (C) 2009 - 2016 Stack Ideas Sdn Bhd. All rights reserved.</copyright>
	<license>GNU General Public License version 2 or later; see LICENSE.txt</license>
	<authorEmail>support@stackideas.com</authorEmail>
	<authorUrl>http://stackideas.com</authorUrl>
	<version>2.0.166</version>
	<description><![CDATA[MOD_EASYSOCIAL_STREAM_DESC]]></description>
	<files>
		<folder>tmpl</folder>
		<filename module="mod_easysocial_stream">mod_easysocial_stream.php</filename>
		<filename>mod_easysocial_stream.xml</filename>
	</files>
	<languages>
		<language tag="en-GB">en-GB.mod_easysocial_stream.ini</language>
		<language tag="en-GB">en-GB.mod_easysocial_stream.sys.ini</language>
	</languages>

	<config>
		<fields name="params">
			<fieldset name="basic" addfieldpath="/administrator/components/com_easysocial/models/fields">
				
				<field name="filter_type" type="list" default="public" label="MOD_EASYSOCIAL_STREAM_FILTER_BY" description="MOD_EASYSOCIAL_STREAM_FILTER_BY_DESC">
					<option value="groupcategory">Filter By Group Category</option>
					<option value="eventcategory">Filter By Event Category</option>
					<option value="pagecategory">Filter By Page Category</option>
					<option value="public">Public Stream Items</option>
				</field>

				<field name="group_category" type="easysocial_groupcategory" default="" label="MOD_EASYSOCIAL_STREAM_GROUP_CATEGORY" description="MOD_EASYSOCIAL_STREAM_GROUP_CATEGORY_DESC" />

				<field name="event_category" type="easysocial_eventcategory" default="" label="MOD_EASYSOCIAL_STREAM_EVENT_CATEGORY" description="MOD_EASYSOCIAL_STREAM_EVENT_CATEGORY_DESC" />

				<field name="page_category" type="easysocial_pagecategory" default="" label="MOD_EASYSOCIAL_STREAM_PAGE_CATEGORY" description="MOD_EASYSOCIAL_STREAM_PAGE_CATEGORY_DESC" />

				<field name="story_form" type="radio" class="btn-group" default="1" label="MOD_EASYSOCIAL_STREAM_DISPLAY_STORY" description="MOD_EASYSOCIAL_STREAM_DISPLAY_STORY_DESC">
					<option value="0">JNO</option>
					<option value="1">JYES</option>
				</field>

				<field name="footer" type="radio" class="btn-group" default="1" label="MOD_EASYSOCIAL_STREAM_DISPLAY_FOOTER_MESSAGE" description="MOD_EASYSOCIAL_STREAM_DISPLAY_FOOTER_MESSAGE_DESC">
					<option value="0">JNO</option>
					<option value="1">JYES</option>
				</field>

				<field name="total" type="text" class="input-mini text-center" default="10" label="MOD_EASYSOCIAL_STREAM_TOTAL" description="MOD_EASYSOCIAL_STREAM_TOTAL_DESC" />
			</fieldset>
			<fieldset name="advanced">
				<field name="layout" type="modulelayout" label="JFIELD_ALT_LAYOUT_LABEL" description="JFIELD_ALT_MODULE_LAYOUT_DESC" />
				<field name="moduleclass_sfx" type="textarea" rows="3" label="COM_MODULES_FIELD_MODULECLASS_SFX_LABEL" description="COM_MODULES_FIELD_MODULECLASS_SFX_DESC" />
				<field name="cache" type="list" default="0" label="COM_MODULES_FIELD_CACHING_LABEL" description="COM_MODULES_FIELD_CACHING_DESC">
					<option value="1">JGLOBAL_USE_GLOBAL</option>
					<option value="0">COM_MODULES_FIELD_VALUE_NOCACHING</option>
				</field>
			</fieldset>
		</fields>
	</config>
</extension>
