[
    {
        "title": "APP_EVENT_DISCUSSIONS_SETTINGS_EVENT_VIEW",
        "desc": "APP_EVENT_DISCUSSIONS_SETTINGS_EVENT_VIEW_DESC",
        "fields":
        [
            {
                "label": "APP_EVENT_DISCUSSIONS_SETTINGS_EVENT_TOTAL_DISCUSSIONS",
                "tooltip": "APP_EVENT_DISCUSSIONS_SETTINGS_EVENT_TOTAL_DISCUSSIONS_DESC",
                "name": "total",
                "class": "input-mini center",
                "type": "text",
                "default": 10
            },
            {
                "label": "APP_EVENT_DISCUSSIONS_SETTINGS_EVENT_DISPLAY_HITS",
                "tooltip": "APP_EVENT_DISCUSSIONS_SETTINGS_EVENT_DISPLAY_HITS_DESC",
                "name": "display_total_hits",
                "type": "boolean",
                "default": true
            },
            {
                "label": "APP_EVENT_DISCUSSIONS_SETTINGS_EVENT_DISPLAY_REPLIES",
                "tooltip": "APP_EVENT_DISCUSSIONS_SETTINGS_EVENT_DISPLAY_REPLIES_DESC",
                "name": "display_total_replies",
                "type": "boolean",
                "default": true
            },
            {
                "label": "APP_EVENT_DISCUSSIONS_SETTINGS_EVENT_DISPLAY_STARTED_BY",
                "tooltip": "APP_EVENT_DISCUSSIONS_SETTINGS_EVENT_DISPLAY_STARTED_BY_DESC",
                "name": "display_started_by",
                "type": "boolean",
                "default": true
            },
            {
                "label": "APP_EVENT_DISCUSSIONS_SETTINGS_EVENT_DISPLAY_LAST_REPLIED",
                "tooltip": "APP_EVENT_DISCUSSIONS_SETTINGS_EVENT_DISPLAY_LAST_REPLIED_DESC",
                "name": "display_last_replied",
                "type": "boolean",
                "default": true
            }
        ]
    },
    {
        "title": "APP_EVENT_DISCUSSIONS_SETTINGS_STREAM_VIEW",
        "desc": "APP_EVENT_DISCUSSIONS_SETTINGS_STREAM_VIEW_DESC",
        "fields":
        [
            {
                "label": "APP_EVENT_DISCUSSIONS_SETTINGS_STREAM_CONTENT_LENGTH",
                "tooltip": "APP_EVENT_DISCUSSIONS_SETTINGS_STREAM_CONTENT_LENGTH_DESC",
                "name": "stream_length",
                "class": "input-mini center",
                "type": "text",
                "default": 250
            },
            {
                "label": "APP_EVENT_DISCUSSIONS_SETTINGS_STREAM_CREATE_DISCUSSION",
                "tooltip": "APP_EVENT_DISCUSSIONS_SETTINGS_STREAM_CREATE_DISCUSSION_DESC",
                "name": "stream_create",
                "type": "boolean",
                "default": true
            },
            {
                "label": "APP_EVENT_DISCUSSIONS_SETTINGS_STREAM_REPLY_DISCUSSION",
                "tooltip": "APP_EVENT_DISCUSSIONS_SETTINGS_STREAM_REPLY_DISCUSSION_DESC",
                "name": "stream_reply",
                "type": "boolean",
                "default": true
            },
            {
                "label": "APP_EVENT_DISCUSSIONS_SETTINGS_STREAM_ANSWERED_DISCUSSION",
                "tooltip": "APP_EVENT_DISCUSSIONS_SETTINGS_STREAM_ANSWERED_DISCUSSION_DESC",
                "name": "stream_answered",
                "type": "boolean",
                "default": true
            },
            {
                "label": "APP_EVENT_DISCUSSIONS_SETTINGS_STREAM_LOCK_DISCUSSION",
                "tooltip": "APP_EVENT_DISCUSSIONS_SETTINGS_STREAM_LOCK_DISCUSSION_DESC",
                "name": "stream_lock",
                "type": "boolean",
                "default": true
            }
        ]
    },
    {
        "title"     : "APP_EVENT_DISCUSSIONS_COMPOSING",
        "desc"      : "APP_EVENT_DISCUSSIONS_COMPOSING_DESC",
        "fields"    :
        [
            {
                "label"     : "APP_EVENT_DISCUSSIONS_COMPOSING_EDITOR",
                "tooltip"   : "APP_EVENT_DISCUSSIONS_COMPOSING_EDITOR_DESC",
                "name"      : "editor",
                "type"      : "editors",
                "default"   : "bbcode"
            }
        ]
    }
]
