{"tmpl_params":{"item_grouping_type":"1","title_tag":"h1","css":"","show_groupdescr":"1","show_groupicon":"1","tabs_position":"","tabs_style":"nav-tabs"},"tmpl_core":{"item_author_avatar":"1","item_author_avatar_width":"50","item_author_avatar_height":"50","item_time_format":"d F Y","bookmark_icons":"star","item_title":"1","item_author":"1","item_type":"0","item_rating":"1","item_categories":"1","item_user_categories":"1","item_hits":"1","item_comments_num":"1","item_favorite_num":"1","item_follow_num":"1","item_ctime":"1","item_extime":"0","item_mtime":"1","item_print":"1","item_type_filter":"1","item_author_filter":"1"}}