{"tmpl_params":{"leading":"1","blog_intro":"5","blog_cols":"1","blog_links":"0"},"tmpl_core":{"item_link":"1","item_author_avatar":"1","item_author_avatar_width":"50","item_author_avatar_height":"50","item_time_format":"d F Y","bookmark_icons":"star","show_title_index":"0","item_pagination":"1","item_title":"1","item_rating":"0","item_type":"0","item_author":"0","item_categories":"0","item_user_categories":"0","item_hits":"0","item_comments_num":"0","item_vote_num":"0","item_favorite_num":"0","item_follow_num":"0","item_ctime":"0","item_extime":"0","item_mtime":"0","item_print":"0","item_readon":"0","item_type_filter":"0","item_author_filter":"0"}}