{"tmpl_params":{"form_grouping_type":"1","tmpl_category":"autocomplete.85b8f90852066a22b329b83552d7255a","css":"","tab_main":"\u0413\u043b\u0430\u0432\u043d\u0430\u044f","tab_main_descr":""},"tmpl_core":{"form_heading":"1","form_heading_text":"","form_captcha":"1","form_public_alert":"\u0412\u044b \u043d\u0435 \u0437\u0430\u0440\u0435\u0433\u0438\u0441\u0442\u0440\u0438\u0440\u043e\u0432\u0430\u043d\u044b. \u0412\u044b \u043d\u0435 \u0441\u043c\u043e\u0436\u0435\u0442\u0435 \u0440\u0435\u0434\u0430\u043a\u0442\u0438\u0440\u043e\u0432\u0430\u0442\u044c \u0441\u0432\u043e\u0438 \u043f\u043e\u0441\u0442\u044b \u043f\u043e\u0437\u0436\u0435.","item_icon_title_icon":"edit.png","form_title_icon":"1","form_tags_icon":"1","form_anywhere_icon":"1","form_anywhere_who_icon":"1","form_category_icon":"1","form_extime_icon":"1","form_ctime_icon":"1","form_hidden_icon":"1","item_icon_fields":"1","form_show_ctime":"3","form_show_extime":"3","form_show_ftime":"3","form_show_hidden":"3","form_show_langs":"3","form_show_votes":"0","form_show_hits":"0","form_show_ip":"0","form_show_votes_result":"0","form_show_featured":"3","form_show_user_id":"3","form_show_archive":"3","form_show_access":"3","form_show_published":"3","form_show_meta_descr":"2","form_show_meta_key":"2","form_show_meta_robots":"2","form_show_alias":"2","form_show_apply_button":"1","form_show_save_button":"1","form_show_savenew_button":"1","form_show_savecopy_button":"1","form_show_close_button":"1","form_button_position":"3","form_label_title":"\u0417\u0430\u0433\u043e\u043b\u043e\u0432\u043e\u043a","form_label_anywhere":"\u0413\u0434\u0435 \u0440\u0430\u0437\u043c\u0435\u0441\u0442\u0438\u0442\u044c","form_label_anywhere_who":"\u041a\u0442\u043e \u043c\u043e\u0436\u0435\u0442 \u043f\u0435\u0440\u0435\u0440\u0430\u0437\u043c\u0435\u0449\u0430\u0442\u044c?","form_label_ctime":"\u0414\u0430\u0442\u0430 \u0441\u043e\u0437\u0434\u0430\u043d\u0438\u044f","form_label_extime":"\u0418\u0441\u0442\u0435\u043a\u0430\u0435\u0442","form_label_ftime":"\u0421\u0434\u0435\u043b\u0430\u0442\u044c \u043f\u0440\u043e\u0434\u0432\u0438\u043d\u0443\u0442\u043e\u0439?","form_label_hidden":"\u0421\u043a\u0440\u044b\u0442\u044c \u0441\u0442\u0430\u0442\u044c\u044e?","form_label_langs":"\u042f\u0437\u044b\u043a","form_label_votes":"\u0413\u043e\u043b\u043e\u0441\u0430","form_label_hits":"\u041f\u0440\u043e\u0441\u043c\u043e\u0442\u0440\u043e\u0432","form_label_ip":"IP \u0410\u0434\u0440\u0435\u0441","form_label_votes_result":"\u0420\u0435\u0437\u0443\u043b\u044c\u0442\u0430\u0442 \u0433\u043e\u043b\u043e\u0441\u043e\u0432","form_label_featured":"\u041f\u0440\u043e\u0434\u0432\u0438\u043d\u0443\u0442\u0430\u044f","form_label_user_id":"\u0410\u0432\u0442\u043e\u0440","form_label_archive":"\u0410\u0440\u0445\u0438\u0432\u0438\u0440\u043e\u0432\u0430\u0442\u044c","form_label_access":"\u0414\u043e\u0441\u0442\u0443\u043f","form_label_published":"\u041e\u043f\u0443\u0431\u043b\u0438\u043a\u043e\u0432\u0430\u043d\u043e","form_label_category":"\u041a\u0430\u0442\u0435\u0433\u043e\u0440\u0438\u044f","form_label_tags":"\u041c\u0435\u0442\u043a\u0438","form_label_apply_button":"\u041f\u0440\u0438\u043c\u0435\u043d\u0438\u0442\u044c","form_label_save_button":"\u0421\u043e\u0445\u0440\u0430\u043d\u0438\u0442\u044c & \u0417\u0430\u043a\u0440\u044b\u0442\u044c","form_label_savenew_button":"\u0421\u043e\u0445\u0440\u0430\u043d\u0438\u0442\u044c & \u041d\u043e\u0432\u044b\u0439","form_label_savecopy_button":"\u0421\u043e\u0445\u0440\u0430\u043d\u0438\u0442\u044c \u043a\u0430\u043a \u043a\u043e\u043f\u0438\u044e","form_label_close_button":"\u041e\u0442\u043c\u0435\u043d\u0430"}}