{"main":{"description_mode":"full","css":"","alpha":"1","alpha_text":"\u0430 \u0431 \u0432 \u0433 \u0434 \u0435 \u0436 \u0437 \u0438 \u043a \u043b \u043c \u043d \u043e \u043f \u0440 \u0441 \u0442 \u0443 \u0444 \u0445 \u0446 \u0447 \u0448 \u0449 \u044b \u044d \u044e \u044f","smart":"1","alpha_num":"0"},"title":{"title_show":"1","title_section_name":"1","title_category_name":"1","title_static":"This is static title in markup template parameters","TITLE_0_CREATED":"\u0421\u043e\u0437\u0434\u0430\u043d\u043e %s","TITLE_0_RATED":"\u041e\u0446\u0435\u043d\u0435\u043d\u043e %s","TITLE_0_FAVORITED":"\u0412 \u0437\u0430\u043a\u043b\u0430\u0434\u043a\u0430\u0445 %s","TITLE_0_VISITED":"\u041f\u043e\u0441\u0435\u0449\u0435\u043d\u044b %s","TITLE_0_COMMENTED":"\u041a\u043e\u043c\u0435\u043d\u0442\u0430\u0440\u0438\u0438 %s","TITLE_0_FOLLOW":"\u0421\u043b\u0435\u0434\u044f\u0442 %s","TITLE_1_CREATED":"\u0421\u0442\u0440\u0430\u043d\u0438\u0447\u043a\u0430 \u0412\u0438\u0434\u0435\u043e\u0440\u043e\u043b\u0438\u043a\u043e\u0432 \u043c\u043e\u0438\u0445 \u0441\u043e\u0431\u0430\u043a","TITLE_1_RATED":"\u041e\u0446\u0435\u043d\u0451\u043d\u043d\u044b\u0435","TITLE_1_FAVORITED":"\u0412 \u0437\u0430\u043a\u043b\u0430\u0434\u043a\u0430\u0445","TITLE_1_COMMENTED":"\u0421 \u043a\u043e\u043c\u043c\u0435\u043d\u0442\u0430\u0440\u0438\u044f\u043c\u0438","TITLE_1_HIDDEN":"\u0421\u043a\u0440\u044b\u0442\u044b\u0435","TITLE_1_VISITED":"\u041f\u043e\u0441\u0435\u0449\u0451\u043d\u043d\u044b\u0435","TITLE_1_UNPUBLISHED":"\u041d\u0435 \u043e\u043f\u0443\u0431\u043b\u0438\u043a\u043e\u0432\u0430\u043d\u043d\u044b\u0435","TITLE_1_EXPIRED":"\u0418\u0441\u0442\u0435\u043a\u0448\u0438\u0435","TITLE_1_FEATURED":"\u041f\u0440\u043e\u0434\u0432\u0438\u043d\u0443\u0442\u044b\u0435","TITLE_1_EVENTS":"\u0421 \u043d\u043e\u0432\u044b\u043c\u0438 \u0441\u043e\u0431\u044b\u0442\u0438\u044f\u043c\u0438","TITLE_1_FOLLOW":"\u041d\u0430\u0431\u043b\u044e\u0434\u0430\u0435\u043c\u044b\u0435"},"menu":{"menu":"1","menu_home":"1","menu_templates_icon":"1","menu_all_records_icon":"1","menu_home_icon":"1","menu_up_icon":"1","menu_newrecord_icon":"1","menu_ordering_icon":"1","menu_user_icon":"1","menu_user_subscribe_icon":"1","menu_user_my_icon":"1","menu_user_follow_icon":"1","menu_user_events_icon":"1","menu_user_favorite_icon":"1","menu_user_expire_icon":"1","menu_user_feature_icon":"1","menu_user_hidden_icon":"1","menu_user_unpublished_icon":"1","menu_user_rated_icon":"1","menu_user_commented_icon":"1","menu_user_visited_icon":"1","menu_user_moder_icon":"1","menu_user_cat_manage_icon":"1","menu_user_cat_add_icon":"1","menu_order_ctime_icon":"1","menu_order_mtime_icon":"1","menu_order_extime_icon":"1","menu_order_title_icon":"1","menu_order_hits_icon":"1","menu_order_username_icon":"1","menu_order_votes_result_icon":"1","menu_order_comments_icon":"1","menu_order_favorite_num_icon":"1","menu_order_fields_icon":"1","menu_user_my":"1","menu_user_favorite":"1","menu_user_expire":"1","menu_user_feature":"1","menu_user_hidden":"1","menu_user_unpublished":"1","menu_user_rated":"1","menu_user_commented":"1","menu_user_visited":"1","menu_user_moder":"1","menu_user_followed":"1","menu_user_evented":"1","menu_user_cat_manage":"1","menu_user_cat_add":"1","menu_user":"7","menu_templates":"1","menu_newrecord":"1","menu_newrecord_home":"7","menu_ordering":"1","menu_all":"1","menu_home_button":"1","menu_up":"1","menu_user_numbers":"1","menu_templates_sort":"1","menu_order_ctime":"1","menu_order_mtime":"1","menu_order_extime":"0","menu_order_title":"1","menu_order_hits":"1","menu_order_username":"1","menu_order_votes_result":"1","menu_order_comments":"1","menu_order_favorite_num":"1","menu_order_fields":"1","menu_all_records":"\u0421\u043c\u043e\u0442\u0440\u0435\u0442\u044c \u0432\u0441\u0435 \u0432\u0438\u0434\u0435\u043e\u0440\u043e\u043b\u0438\u043a\u0438","menu_home_label":"\u0414\u043e\u043c\u0430\u0448\u043d\u044f\u044f","menu_up_label":"\u041d\u0430 \u0443\u0440\u043e\u0432\u0435\u043d\u044c \u0432\u044b\u0448\u0435","menu_templates_label":"\u041f\u0435\u0440\u0435\u043a\u043b\u044e\u0447\u0438\u0442\u044c \u0432\u0438\u0434 \u0441\u043f\u0438\u0441\u043a\u0430 \u0441\u0442\u0430\u0442\u0435\u0439","menu_newrecord_label":"\u0414\u043e\u0431\u0430\u0432\u0438\u0442\u044c \u043d\u043e\u0432\u0443\u044e \u0437\u0430\u043f\u0438\u0441\u044c","menu_ordering_label":"\u0421\u043e\u0440\u0442\u0438\u0440\u043e\u0432\u0430\u0442\u044c \u043f\u043e","menu_user_label":"\u041c\u043e\u0451 \u043c\u0435\u043d\u044e","menu_user_register":"\u0417\u0430\u0440\u0435\u0433\u0438\u0441\u0442\u0440\u0438\u0440\u0443\u0439\u0442\u0435\u0441\u044c \u0438\u043b\u0438 \u0432\u043e\u0439\u0434\u0438\u0442\u0435 \u0434\u043b\u044f \u0434\u043e\u0431\u0430\u0432\u043b\u0435\u043d\u0438\u044f %s","menu_user_single":"\u0414\u043e\u0431\u0430\u0432\u0438\u0442\u044c %s","menu_user_subscribe_label":"\u041e\u043f\u0446\u0438\u0438","menu_user_my_label":"\u0412\u0438\u0434\u0435\u043e\u0440\u043e\u043b\u0438\u043a\u0438 \u043c\u043e\u0438\u0445 \u0441\u043e\u0431\u0430\u043a","menu_user_other_label":"\u0421\u043e\u0437\u0434\u0430\u043d\u043e \u0434\u0440\u0443\u0433\u0438\u043c\u0438","menu_user_follow_label":"\u041e\u0442\u0441\u043b\u0435\u0436\u0438\u0432\u0430\u044e\u0442\u0441\u044f","menu_user_events_label":"\u0421 \u043d\u043e\u0432\u044b\u043c\u0438 \u0441\u043e\u0431\u044b\u0442\u0438\u044f\u043c\u0438","menu_user_favorite_label":"\u0412 \u0437\u0430\u043a\u043b\u0430\u0434\u043a\u0430\u0445","menu_user_expire_label":"\u0418\u0441\u0442\u0435\u043a\u0448\u0438\u0435","menu_user_feature_label":"\u041f\u0440\u043e\u0434\u0432\u0438\u043d\u0443\u0442\u044b\u0435","menu_user_hidden_label":"\u0421\u043a\u0440\u044b\u0442\u044b\u0435","menu_user_unpublished_label":"\u041d\u0435 \u043e\u043f\u0443\u0431\u043b\u0438\u043a\u043e\u0432\u0430\u043d\u043d\u044b\u0435","menu_user_rated_label":"\u041e\u0446\u0435\u043d\u0451\u043d\u043d\u044b\u0435","menu_user_commented_label":"\u041f\u0440\u043e\u043a\u043e\u043c\u0435\u043d\u0442\u0438\u0440\u043e\u0432\u0430\u043d\u043d\u044b\u0435","menu_user_visited_label":"\u041f\u043e\u0441\u0435\u0449\u0451\u043d\u043d\u044b\u0435","menu_user_moder_label":"\u041c\u043e\u0434\u0435\u0440\u0438\u0440\u043e\u0432\u0430\u043d\u043d\u044b\u0435","menu_user_cat_manage_label":"\u041a\u0430\u0442\u0435\u0433\u043e\u0440\u0438\u0438","menu_user_cat_add_label":"\u0414\u043e\u0431\u0430\u0432\u0438\u0442\u044c \u043a\u0430\u0442\u0435\u0433\u043e\u0440\u0438\u044e","menu_order_ctime_label":"\u0421\u043e\u0437\u0434\u0430\u043d\u043e","menu_order_mtime_label":"\u0418\u0437\u043c\u0435\u043d\u0435\u043d\u043e","menu_order_extime_label":"\u0418\u0441\u0442\u0435\u043a\u0430\u0435\u0442","menu_order_title_label":"\u0417\u0430\u0433\u043e\u043b\u043e\u0432\u043e\u043a","menu_order_hits_label":"\u041f\u0440\u043e\u0441\u043c\u043e\u0442\u0440\u043e\u0432","menu_order_username_label":"\u0410\u0432\u0442\u043e\u0440","menu_order_votes_result_label":"\u0413\u043e\u043b\u043e\u0441\u043e\u0432\u0430\u043d\u0438\u0435","menu_order_comments_label":"\u041a\u043e\u043c\u043c\u0435\u043d\u0442\u0430\u0440\u0438\u0435\u0432","menu_order_favorite_num_label":"\u0412 \u0437\u0430\u043a\u043b\u0430\u0434\u043a\u0430\u0445"},"filters":{"filters":"1","filters_home":"1","worns":"1","show_search":"1","show_more":"1","filter_type":"1","filter_cat":"1","filter_user":"1","filter_tags":"1","filter_fields":"1","filter_descr":"1","filter_type_type":"1","filter_users_type":"1","filter_category_type":"1","filter_tags_type":"1","filter_type_icon":"1","filter_user_icon":"1","filter_tag_icon":"1","filter_category_icon":"1","filter_fields_icon":"1","type_label":"\u0422\u0438\u043f \u0441\u0442\u0430\u0442\u044c\u0438","tag_label":"\u041c\u0435\u0442\u043a\u0438","user_label":"\u0410\u0432\u0442\u043e\u0440","category_label":"\u041a\u0430\u0442\u0435\u0433\u043e\u0440\u0438\u0438"},"personal":{"user_categories":"1","user_categories_icons":"1","cat_icon_width":"100","cat_icon_height":"100","user_cat_cols":"3","user_avatar":"1","user_avatar_w":"60","user_avatar_h":"60","user_message":"1","user_info":"1","user_menu":"1"}}