{
	"title"	: "COM_EASYSOCIAL_MENU_GROUP_APPS",
	"link"	: "index.php?option=com_easysocial&view=apps",
	"class"	: "fa-download",
	"access": "easysocial.access.apps",
	"view"	: "apps",
	"active": "layout",
	"childs":
	[
		{
			"title"	: "COM_EASYSOCIAL_MENU_ITEM_APPS_APPS",
			"url": {
				"view": "apps",
				"layout": ""
			}
		},
		{
			"title"	: "COM_EASYSOCIAL_MENU_ITEM_APPS_DIRECTORY",
			"url": {
				"view": "apps",
				"layout": "store"
			}
		},
		{
			"title"	: "COM_EASYSOCIAL_MENU_ITEM_APPS_INSTALL",
			"url": {
				"view": "apps",
				"layout": "install"
			}
		},
		{
			"title"	: "COM_EASYSOCIAL_MENU_ITEM_APPS_DISCOVER",
			"url"	:
			{
				"view"	: "apps",
				"layout": "discover"
			}
		}
	]
}
