{
	"title"	: "COM_EASYSOCIAL_MENU_GROUP_PRIVACY",
	"link"	: "index.php?option=com_easysocial&view=privacy",
	"class"	: "fa-lock",
	"access": "easysocial.access.privacy",
	"view"	: "privacy",
	"active": "layout",
	"childs":
	[
		{
			"title"	: "COM_EASYSOCIAL_MENU_GROUP_PRIVACY",
			"class"	: "",
			"url"	:
			{
				"view": "privacy",
				"layout": ""
			},
			"childs": []
		},
		{
			"title"	: "COM_EASYSOCIAL_MENU_ITEM_PRIVACY_INSTALL",
			"class"	: "",
			"url"	:
			{
				"view"	: "privacy",
				"layout": "install"
			},
			"childs": []
		},
		{
			"title"	: "COM_EASYSOCIAL_MENU_ITEM_PRIVACY_DISCOVER",
			"class"	: "",
			"url"	:
			{
				"view"	: "privacy",
				"layout": "discover"
			},
			"childs": []
		}
	]
}
