<?xml version="1.0" encoding="utf-8"?>
<social type="apps" group="user">
	<name>Apps</name>
	<element>apps</element>
	<author>Stack Ideas Sdn Bhd</author>
	<url>http://stackideas.com</url>
	<created>19/08/2013</created>
	<version>2.0.166</version>
	<copyright>Copyright (C) 2010 - 2014 Stack Ideas Sdn Bhd</copyright>
	<license>http://www.gnu.org/licenses/gpl-2.0.html GNU/GPL</license>
	<installable>false</installable>
	<core>true</core>
	<widget>false</widget>
	<system>true</system>
	<description><![CDATA[APP_APPS_APP_DESCRIPTION]]></description>
	<files>
		<folder>config</folder>
		<folder>hooks</folder>
		<folder>themes</folder>
		<file>apps.php</file>
		<file>apps.xml</file>
	</files>
</social>
