<?xml version="1.0" encoding="utf-8"?>
<social type="fields" group="user">
	<name>Gender</name>
	<element>gender</element>
	<author>Stack Ideas Sdn Bhd</author>
	<url>http://stackideas.com</url>
	<created>25th May 2011</created>
	<version>2.0.166</version>
	<copyright>Copyright (c) 2009 - 2011 EasySocial</copyright>
	<description><![CDATA[PLG_FIELDS_GENDER_INFO]]></description>
	<core>false</core>
	<unique>true</unique>
	<files>
		<folder>config</folder>
		<folder>themes</folder>
		<folder>widgets</folder>
		<file>gender.php</file>
		<file>gender.xml</file>
	</files>
	
</social>
