<?xml version="1.0" encoding="utf-8"?>
<social type="apps" group="user">
	<name>Photos</name>
	<element>photos</element>
	<author>Stack Ideas Sdn Bhd</author>
	<url>http://stackideas.com</url>
	<created>19/08/2013</created>
	<version>2.0.166</version>
	<copyright>Copyright (C) 2010 - 2013 Stack Ideas Sdn Bhd</copyright>
	<license>http://www.gnu.org/licenses/gpl-2.0.html GNU/GPL</license>
	<description><![CDATA[APP_PHOTOS_APP_DESCRIPTION]]></description>
	<installable>true</installable>
	<core>true</core>
	<widget>true</widget>
	<system>false</system>
	<files>
		<folder>config</folder>
		<folder>hooks</folder>
		<folder>themes</folder>
		<folder>widgets</folder>
		<file>photos.php</file>
		<file>photos.xml</file>
	</files>
</social>
