[
	{
		"title"		: "COM_EASYSOCIAL_APPS_SETTINGS_STREAM",
		"desc"		: "COM_EASYSOCIAL_APPS_SETTINGS_STREAM_DESC",
		"fields"	:
		[
			{
				"label"		: "COM_EASYSOCIAL_APPS_SETTINGS_DISPLAY_STREAM_FILTER",
				"tooltip"		: "COM_EASYSOCIAL_APPS_SETTINGS_DISPLAY_STREAM_FILTER_DESC",
				"name"		: "stream_filter",
				"type" 		: "boolean",
				"default"	: true
			},
			{
				"label": "APPS_USER_STORY_STREAM_TRUNCATION",
				"tooltip": "APPS_USER_STORY_STREAM_TRUNCATION_DESC",
				"name": "stream_truncate",
				"type": "boolean",
				"default": false
			},
			{
				"label": "APPS_USER_STORY_STREAM_TRUNCATION_LENGTH",
				"tooltip": "APPS_USER_STORY_STREAM_TRUNCATION_LENGTH_DESC",
				"name": "stream_truncate_length",
				"type": "text",
				"class": "input-short text-center",
				"default": 250
			}
		]
	}
]
