[
	{
		"title": "COM_EASYSOCIAL_APPS_SETTINGS_STREAM",
		"desc": "COM_EASYSOCIAL_APPS_SETTINGS_STREAM_DESC",
		"fields":
		[
			{
				"label": "COM_EASYSOCIAL_APPS_SETTINGS_DISPLAY_STREAM_FILTER",
				"tooltip": "COM_EASYSOCIAL_APPS_SETTINGS_DISPLAY_STREAM_FILTER_DESC",
				"name": "stream_filter",
				"type": "boolean",
				"default": true
			},
			{
				"label": "APP_USER_MEMBERS_STREAM_DISPLAY_LIKE",
				"tooltip": "APP_USER_MEMBERS_STREAM_DISPLAY_LIKE_DESC",
				"name": "stream_like",
				"type": "boolean",
				"default": true
			},
			{
				"label": "APP_USER_STREAM_CREATE_PAGE",
				"tooltip": "APP_USER_STREAM_CREATE_PAGE_DESC",
				"name": "stream_create",
				"type": "boolean",
				"default": true
			}
		]
	},
	{
		"title": "APP_USER_PAGES_SETTINGS_WIDGETS",
		"fields":
		[
			{
				"label": "APP_USER_PAGES_SETTINGS_WIDGETS_DISPLAY_PROFILE",
				"tooltip": "APP_USER_PAGES_SETTINGS_WIDGETS_DISPLAY_PROFILE_DESC",
				"name": "widget_profile",
				"type": "boolean",
				"default": true
			},
            {
                "label": "APP_USER_PAGES_SETTINGS_WIDGETS_PROFILE_TOTAL",
                "tooltip": "APP_USER_PAGES_SETTINGS_WIDGETS_PROFILE_TOTAL_DESC",
                "name": "widget_profile_total",
                "type": "text",
                "default": 5,
                "class": "input-mini text-center"
            }
		]
	}
]
