[
	{
		"title"		: "COM_EASYSOCIAL_APPS_SETTINGS_STREAM",
		"desc"		: "COM_EASYSOCIAL_APPS_SETTINGS_STREAM_DESC",
		"fields"	:
		[
			{
				"label"		: "COM_EASYSOCIAL_APPS_SETTINGS_DISPLAY_STREAM_FILTER",
				"tooltip"		: "COM_EASYSOCIAL_APPS_SETTINGS_DISPLAY_STREAM_FILTER_DESC",
				"name"		: "stream_filter",
				"type" 		: "boolean",
				"default"	: true
			},
			{
				"label"		: "APP_USER_CALENDAR_SETTINGS_STREAM_CREATE",
				"tooltip"	: "APP_USER_CALENDAR_SETTINGS_STREAM_CREATE_DESC",
				"name"		: "stream_create",
				"type"		: "boolean",
				"default"	: true
			},
			{
				"label"		: "APP_USER_CALENDAR_SETTINGS_STREAM_UPDATE",
				"tooltip"	: "APP_USER_CALENDAR_SETTINGS_STREAM_UPDATE_DESC",
				"name"		: "stream_update",
				"type"		: "boolean",
				"default"	: true
			}
		]
	},
	{
		"title"		: "APP_USER_CALENDAR_SETTINGS_WIDGETS",
		"desc"		: "APP_USER_CALENDAR_SETTINGS_WIDGETS_DESC",
		"fields"	:
		[
			{
				"label"		: "APP_USER_CALENDAR_SETTINGS_WIDGETS_UPCOMING_APPOINTMENTS",
				"tooltip"	: "APP_USER_CALENDAR_SETTINGS_WIDGETS_UPCOMING_APPOINTMENTS_DESC",
				"name"		: "widgets_upcoming",
				"type"		: "boolean",
				"default"	: true
			},
			{
				"label"		: "APP_USER_CALENDAR_SETTINGS_WIDGETS_UPCOMING_APPOINTMENTS_TOTAL",
				"tooltip"	: "APP_USER_CALENDAR_SETTINGS_WIDGETS_UPCOMING_APPOINTMENTS_TOTAL_DESC",
				"name"		: "widgets_total",
				"type"		: "text",
				"class"		: "input-short text-center",
				"default"	: 5
			},
			{
				"label"		: "APP_USER_CALENDAR_SETTINGS_WIDGETS_UPCOMING_APPOINTMENTS_DAYS",
				"tooltip"	: "APP_USER_CALENDAR_SETTINGS_WIDGETS_UPCOMING_APPOINTMENTS_DAYS_DESC",
				"name"		: "widgets_days",
				"type"		: "text",
				"class"		: "input-short text-center",
				"default"	: 14
			}
		]
	},
	{
		"title"		: "APP_USER_CALENDAR_SETTINGS_CALENDAR_BEHAVIOR",
		"desc"		: "APP_USER_CALENDAR_SETTINGS_CALENDAR_BEHAVIOR_DESC",
		"fields"	:
		[
			{
				"label"		: "APP_USER_CALENDAR_SETTINGS_CALENDAR_BEHAVIOR_FIRST_DAY_OF_WEEK",
				"tooltip"	: "APP_USER_CALENDAR_SETTINGS_CALENDAR_BEHAVIOR_FIRST_DAY_OF_WEEK_DESC",
				"name"		: "start_week",
				"type" 		: "select",
				"options"	:
				[
					{
						"title"	: "MONDAY",
						"value"	: "1"
					},
					{
						"title"	: "TUESDAY",
						"value"	: "2"
					},
					{
						"title"	: "WEDNESDAY",
						"value"	: "3"
					},
					{
						"title"	: "THURSDAY",
						"value"	: "4"
					},
					{
						"title"	: "FRIDAY",
						"value"	: "5"
					},
					{
						"title"	: "SATURDAY",
						"value"	: "6"
					},
					{
						"title"	: "SUNDAY",
						"value"	: "7"
					}
				]
			},
			{
				"label"		: "APP_USER_CALENDAR_SETTINGS_CALENDAR_BEHAVIOR_AGENDA_TIMEFORMAT",
				"tooltip"	: "APP_USER_CALENDAR_SETTINGS_CALENDAR_BEHAVIOR_AGENDA_TIMEFORMAT_DESC",
				"name"		: "agenda_timeformat",
				"type" 		: "select",
				"default"	: "12",
				"options"	:
				[
					{
						"title"	: "12 Hours",
						"value"	: "12"
					},
					{
						"title"	: "24 Hours",
						"value"	: "24"
					}
				]
			}
		]
	}
]
