<?xml version="1.0" encoding="utf-8"?>
<extension version="3.1" type="plugin" group="authentication" method="upgrade">
	<name>Authentication - EasySocial</name>
	<author>Mark Lee</author>
	<creationDate>30/03/2013</creationDate>
	<copyright>Copyright (C) 2009 - 2013 Stack Ideas Sdn Bhd. All rights reserved.</copyright>
	<license>GNU General Public License version 2 or later; see LICENSE.txt</license>
	<authorEmail>support@stackideas.com</authorEmail>
	<authorUrl>stackideas.com</authorUrl>
	<version>2.0.0</version>
	<description>
		<![CDATA[
		An authentication plugin that allows oauth users to login to the site.
		]]>
	</description>
	<files>
		<filename plugin="easysocial">easysocial.php</filename>
		<filename>index.html</filename>
	</files>
</extension>
