<?xml version="1.0" encoding="utf-8"?>
<social type="fields" group="page">
	<name>Post Moderation</name>
	<element>moderation</element>
	<author>Stack Ideas Sdn Bhd</author>
	<url>http://stackideas.com</url>
	<created>18th May 2016</created>
	<version>2.0.166</version>
	<copyright>Copyright (c) 2009 - 2016 Stack Ideas Sdn. Bhd.</copyright>
	<license>http://www.gnu.org/licenses/gpl-2.0.html GNU/GPL</license>
	<description><![CDATA[COM_EASYSOCIAL_APP_FIELDS_PAGE_MODERATION_INFO]]></description>
    <core>false</core>
    <unique>true</unique>
	<files>
		<folder>config</folder>
		<folder>themes</folder>
		<file>moderation.php</file>
		<file>moderation.xml</file>
	</files>
</social>
