[
	{
		"title"		: "APP_PAGE_PAGES_SETTINGS_WIDGETS",
		"desc"		: "APP_PAGE_PAGES_SETTINGS_WIDGETS_DESC",
		"fields"	:
		[
			{
				"label"		: "APP_PAGE_PAGES_SHOW_FRIENDS_IN_PAGE",
				"tooltip"	: "APP_PAGE_PAGES_SHOW_FRIENDS_IN_PAGE_DESC",
				"name"		: "show_friends",
				"type"		: "boolean",
				"default"	: true
			},
			{
				"label"		: "APP_PAGE_PAGES_SHOW_ONLINE_FOLLOWERS",
				"tooltip"	: "APP_PAGE_PAGES_SHOW_ONLINE_FOLLOWERS_DESC",
				"name"		: "show_online",
				"type"		: "boolean",
				"default"	: true
			}
		]
	},
	{
		"title"		: "APP_SETTINGS_STREAM",
		"desc"		: "APP_SETTINGS_STREAM_DESC",
		"fields"	:
		[
			{
				"label"		: "APP_PAGE_PAGES_STREAM_DISPLAY_LIKE",
				"tooltip"	: "APP_PAGE_PAGES_STREAM_DISPLAY_LIKE_DESC",
				"name"		: "stream_like",
				"type"		: "boolean",
				"default"	: true
			},
			{
				"label"		: "APP_PAGE_PAGES_STREAM_DISPLAY_PROMOTIONS",
				"tooltip"	: "APP_PAGE_PAGES_STREAM_DISPLAY_PROMOTIONS_DESC",
				"name"		: "stream_promoted",
				"type"		: "boolean",
				"default"	: true
			},
			{
				"label"		: "APP_PAGE_PAGES_STREAM_DISPLAY_UPDATE",
				"tooltip"	: "APP_PAGE_PAGES_STREAM_DISPLAY_UPDATE_DESC",
				"name"		: "stream_update",
				"type"		: "boolean",
				"default"	: true
			},
			{
				"label"		: "APP_PAGE_PAGES_STREAM_DISPLAY_CREATE",
				"tooltip"	: "APP_PAGE_PAGES_STREAM_DISPLAY_CREATE_DESC",
				"name"		: "stream_create",
				"type"		: "boolean",
				"default"	: true
			}
		]
	}
]