<?xml version="1.0" encoding="utf-8"?>
<extension version="3.1" type="module" client="site" method="upgrade">
	<name>EasySocial Calendar</name>
	<author>Stack Ideas Sdn Bhd</author>
	<creationDate>29th March 2018</creationDate>
	<copyright>Copyright (C) 2009 - 2016 Stack Ideas Sdn Bhd. All rights reserved.</copyright>
	<license>GNU General Public License version 2 or later; see LICENSE.txt</license>
	<authorEmail>support@stackideas.com</authorEmail>
	<authorUrl>http://stackideas.com</authorUrl>
	<version>2.0.166</version>
	<description><![CDATA[MOD_EASYSOCIAL_CALENDAR_DESC]]></description>
	<files>
		<folder>tmpl</folder>
		<filename module="mod_easysocial_calendar">mod_easysocial_calendar.php</filename>
		<filename>mod_easysocial_calendar.xml</filename>
	</files>
	<languages>
		<language tag="en-GB">en-GB.mod_easysocial_calendar.ini</language>
	</languages>

	<config>
		<fields name="params">
			<fieldset name="basic">
				<field name="filter" type="list" default="0" label="MOD_ES_CALENDAR_FILTER_TYPE" description="MOD_ES_CALENDAR_FILTER_TYPE_DESC">
					<option value="all">MOD_ES_ALL</option>
					<option value="category">MOD_ES_SPECIFIC_CATEGORY</option>
					<option value="group">MOD_ES_SPECIFIC_GROUP</option>
					<option value="page">MOD_ES_SPECIFIC_PAGE</option>
				</field>
				<field name="categoryId" type="sql" multiple="false" query="SELECT id AS value, title AS categoryId FROM #__social_clusters_categories WHERE type = 'event' AND state = 1" label="MOD_ES_SELECT_EVENTS_CATEGORY_FILTER" 
					description="MOD_ES_SELECT_EVENTS_CATEGORY_FILTER_DESC" 
				/>
				<field name="groupId" type="sql" multiple="false" default="0" query="SELECT id AS value, title AS groupId FROM #__social_clusters WHERE cluster_type = 'group' AND state = 1" label="MOD_ES_FILTER_GROUP" 
					description="MOD_ES_FILTER_GROUP_DESC">
					<option value="0">MOD_ES_SELECT_GROUP</option>
				</field>

				<field name="pageId" type="sql" multiple="false" default="0" query="SELECT id AS value, title AS pageId FROM #__social_clusters WHERE cluster_type = 'page' AND state = 1" label="MOD_ES_FILTER_PAGE" 
					description="MOD_ES_FILTER_PAGE_DESC">
					<option value="0">MOD_ES_SELECT_PAGE</option>
				</field>
			</fieldset>
			<fieldset name="advanced">
				<field name="layout" type="modulelayout" label="JFIELD_ALT_LAYOUT_LABEL" description="JFIELD_ALT_MODULE_LAYOUT_DESC" />
				<field name="moduleclass_sfx" type="textarea" rows="3" label="COM_MODULES_FIELD_MODULECLASS_SFX_LABEL" description="COM_MODULES_FIELD_MODULECLASS_SFX_DESC" />
				<field name="cache" type="list" default="0" label="COM_MODULES_FIELD_CACHING_LABEL" description="COM_MODULES_FIELD_CACHING_DESC">
					<option value="1">JGLOBAL_USE_GLOBAL</option>
					<option value="0">COM_MODULES_FIELD_VALUE_NOCACHING</option>
				</field>
			</fieldset>
		</fields>
	</config>
</extension>
