<?xml version="1.0" encoding="utf-8"?>
<social type="fields" group="event">
	<name>Stream Permissions</name>
	<element>permissions</element>
	<author>Stack Ideas Sdn Bhd</author>
	<url>http://stackideas.com</url>
	<created>01/03/2015</created>
	<version>2.0.166</version>
	<copyright>Copyright (c) 2009 - 2015 Stack Ideas Sdn. Bhd.</copyright>
	<license>http://www.gnu.org/licenses/gpl-2.0.html GNU/GPL</license>
	<description><![CDATA[COM_EASYSOCIAL_APP_FIELDS_GROUP_PERMISSIONS_INFO]]></description>
    <core>false</core>
    <unique>true</unique>
	<files>
		<folder>config</folder>
		<folder>themes</folder>
		<file>permissions.php</file>
		<file>permissions.xml</file>
	</files>
</social>
