<?xml version="1.0" encoding="utf-8"?>
<social type="fields" group="event">
    <name>Guest Limit</name>
    <element>guestLimit</element>
    <author>Stack Ideas Sdn Bhd</author>
    <url>http://stackideas.com</url>
    <created>30/6/2014</created>
    <version>2.0.166</version>
    <copyright>Copyright (c) 2009 - 2014 Stack Ideas Sdn. Bhd.</copyright>
    <license>http://www.gnu.org/licenses/gpl-2.0.html GNU/GPL</license>
    <description>
        <![CDATA[FIELDS_EVENT_GUESTLIMIT_INFO]]>
    </description>
    <core>false</core>
    <unique>true</unique>
    <files>
		<folder>config</folder>
		<folder>themes</folder>
		<file>guestLimit.php</file>
		<file>guestLimit.xml</file>
	</files>
    
</social>
