<?xml version="1.0" encoding="UTF-8"?>
<extension type="file" version="3.0" method="upgrade">
	<name>Cobalt 8 Pack - my_pack</name>
	<author>Dmitry Zatulenko</author>
	<authorEmail></authorEmail>
	<authorUrl></authorUrl>
	<creationDate>2018-05-10 10:00:12</creationDate>
	<copyright><![CDATA[ © 2012 - My company. All rights reserved. ]]></copyright>
	<license>GNU/GPL http://www.gnu.org/copyleft/gpl.html</license>
	<version>Build 8.1</version>
	<description><![CDATA[
		<div class="hero-unit" style="text-align:left;"><h1>Cobalt 8 Pack
		<small>my_pack</small>
		</h1>
		<p>Congratulations! You have successfully installed Cobalt 8 my_pack pack. my_pack link has been created in your main menu.</p>
		</div>
		<div class="lead" style="text-align:left;">
		
		</div>
	]]></description>
	
	<key>pack33ee59</key>

    <scriptfile>install.pack.php</scriptfile>

    <fileset>
		<files folder="admin" target="administrator/components/com_cobalt/packs">
			<folder>pack33ee59</folder>
		</files>
		<files folder="site" target="components/com_cobalt/">
			<filename>views/records/tmpl/default_list_my_blog.php</filename>
			<filename>views/records/tmpl/default_list_my_blog.xml</filename>
			<filename>views/records/tmpl/default_list_blog.php</filename>
			<filename>views/records/tmpl/default_list_blog.xml</filename>
			<filename>views/records/tmpl/default_markup_main_template.php</filename>
			<filename>views/records/tmpl/default_markup_main_template.css</filename>
			<filename>views/records/tmpl/default_markup_main_template.xml</filename>
			<filename>views/records/tmpl/default_list_fields_full_article.php</filename>
			<filename>views/records/tmpl/default_list_fields_full_article.xml</filename>
			<filename>views/record/tmpl/default_record_my_post.php</filename>
			<filename>views/record/tmpl/default_record_my_post.xml</filename>
			<filename>views/form/tmpl/default_form_my_form.php</filename>
			<filename>views/form/tmpl/default_form_my_form.xml</filename>
			<filename>views/record/tmpl/default_comments_default.php</filename>
			<filename>views/record/tmpl/default_comments_default.css</filename>
			<filename>views/record/tmpl/default_comments_default.xml</filename>
			<filename>views/form/tmpl/default_category_autocomplete.php</filename>
			<filename>views/form/tmpl/default_category_autocomplete.png</filename>
			<filename>views/form/tmpl/default_category_autocomplete.xml</filename>
			<filename>views/record/tmpl/default_record_default.php</filename>
			<filename>views/record/tmpl/default_record_default.xml</filename>
			<filename>views/rating_tmpls/crown_img/crown-silver.png</filename>
			<filename>views/rating_tmpls/crown_img/crown.png</filename>
			<filename>views/rating_tmpls/rating_crown.php</filename>
			<filename>views/rating_tmpls/rating_crown.xml</filename>
			<filename>views/rating_tmpls/jed_img/index.html</filename>
			<filename>views/rating_tmpls/jed_img/jed-gray.png</filename>
			<filename>views/rating_tmpls/jed_img/jed.png</filename>
			<filename>views/rating_tmpls/rating_jed.php</filename>
			<filename>views/rating_tmpls/rating_jed.xml</filename>
			<filename>views/rating_tmpls/default_img/index.html</filename>
			<filename>views/rating_tmpls/default_img/over.png</filename>
			<filename>views/rating_tmpls/default_img/under.png</filename>
			<filename>views/rating_tmpls/rating_default.php</filename>
			<filename>views/rating_tmpls/rating_default.xml</filename>
			<filename>configs/default_category_autocomplete.05005aae5093bc7c3f167425bab3cb75.json</filename>
			<filename>configs/default_category_autocomplete.1514cac2582cd84fe8083a0aabb9df36.json</filename>
			<filename>configs/default_category_autocomplete.4ba69289c24fa043d7fe1102ffaaca26.json</filename>
			<filename>configs/default_category_autocomplete.7b887576ca61fe364d4ebb104d22cac6.json</filename>
			<filename>configs/default_category_autocomplete.85b8f90852066a22b329b83552d7255a.json</filename>
			<filename>configs/default_category_autocomplete.85bb8309260ee9dc7d7c286df1882f2f.json</filename>
			<filename>configs/default_category_autocomplete.a586a791642c011b0efcbd8d9d5feb39.json</filename>
			<filename>configs/default_category_autocomplete.f1e4af358618de9a83a55c39eec9153f.json</filename>
			<filename>configs/default_comments_default.01c3e88dae83d2df41bdedd72f55b774.json</filename>
			<filename>configs/default_comments_default.189260ffd22d9fd3622591dffe5da270.json</filename>
			<filename>configs/default_comments_default.2c9d42ac48ba54f745156b24e1c7b9ed.json</filename>
			<filename>configs/default_comments_default.7b1577ccb61a6a661196b1fef585ab11.json</filename>
			<filename>configs/default_comments_default.9d7e28c576bd9a6817d6e559c54b6325.json</filename>
			<filename>configs/default_comments_default.aa672ecc6b7d6fea8e1d5e970ca7d434.json</filename>
			<filename>configs/default_comments_default.ddb39441b37e8415da517f23c6ca53bb.json</filename>
			<filename>configs/default_comments_default.e85748bdd491ca6a5816fa5dd117b1ff.json</filename>
			<filename>configs/default_form_my_form.0e7d77dd00b6fea142e8154b39a6598d.json</filename>
			<filename>configs/default_form_my_form.42726007cf48a88dbff48a95dd765594.json</filename>
			<filename>configs/default_form_my_form.6057173fdb6c8e3e9ff19eb331c7b642.json</filename>
			<filename>configs/default_form_my_form.7b88da031118c7451b81499c5adb2847.json</filename>
			<filename>configs/default_form_my_form.7c6946542d559133c07c1410510ad6c7.json</filename>
			<filename>configs/default_form_my_form.89d465686602ff7e754658ea02d0ad7f.json</filename>
			<filename>configs/default_form_my_form.9a57a0920dac420c83b47065813662d7.json</filename>
			<filename>configs/default_form_my_form.d98d64d332a0f92514be5c7d72debbf5.json</filename>
			<filename>configs/default_list_blog.234bdd56a921e24dbbd07edde5e676b4.json</filename>
			<filename>configs/default_list_blog.4933feaa7ba3a6c601b707236e0cd269.json</filename>
			<filename>configs/default_list_blog.57fe2f7354616ffa0daf5bbb0b9e9465.json</filename>
			<filename>configs/default_list_blog.662a1b7881c18c1bca75914730b9ea1c.json</filename>
			<filename>configs/default_list_blog.6991bb1bdc487bbcf7629e71c7e6df22.json</filename>
			<filename>configs/default_list_blog.763c9aa56dcba04cfff2f2320a0ad239.json</filename>
			<filename>configs/default_list_blog.8972f223e5b27028eaae285b32af86be.json</filename>
			<filename>configs/default_list_blog.b524905a0b87730bef4cca20a17d6b1f.json</filename>
			<filename>configs/default_list_blog.cea9b65f27ed9b713d42d157eb57d206.json</filename>
			<filename>configs/default_list_blog.ed0373f3aa502ec085581b12b1e7cf16.json</filename>
			<filename>configs/default_list_blog.f1133e96e8e7a50e784561a557d40fca.json</filename>
			<filename>configs/default_list_blog.fcbe2a1a904d88461490d4f79f9669e2.json</filename>
			<filename>configs/default_list_fields_full_article.490b0ddb7935ca48bb912420a4a38efb.json</filename>
			<filename>configs/default_list_my_blog.7c68c75831195ac50933c288a3246a58.json</filename>
			<filename>configs/default_list_my_blog.7ce837fe36774eefb6fd947e2f3d585a.json</filename>
			<filename>configs/default_list_my_blog.9a9b7ca6432a6cc9dff44a6a25f1691a.json</filename>
			<filename>configs/default_list_my_blog.c01ef6fbebd346e01f03a1e09ad50b4e.json</filename>
			<filename>configs/default_list_my_blog.d115b87d3693ee82e438a24940a6bd79.json</filename>
			<filename>configs/default_markup_main_template.1bff90ab28f4fd1791264bd498272e74.json</filename>
			<filename>configs/default_markup_main_template.3318a696180095a3a850f9d21a708f31.json</filename>
			<filename>configs/default_markup_main_template.57bf519626cf1e5cab1f6f4fa1b900bc.json</filename>
			<filename>configs/default_markup_main_template.67449bded07880adbc37315e56ebf0ba.json</filename>
			<filename>configs/default_markup_main_template.6d70d6970da2e9b1a143f0a361ab3471.json</filename>
			<filename>configs/default_markup_main_template.820fa62fb201fcdead230f210039cb61.json</filename>
			<filename>configs/default_markup_main_template.86f644871f4223c246a6a17efad6a5f9.json</filename>
			<filename>configs/default_markup_main_template.8d736f1906195cc4f0ad9867db5622d6.json</filename>
			<filename>configs/default_markup_main_template.f8e66c65bfc6e9d2ec60a2f5505111cb.json</filename>
			<filename>configs/default_record_default.73398224c4cf9b5a5b4484621727c65d.json</filename>
			<filename>configs/default_record_default.76afe011d587424feb22bfe9d906236d.json</filename>
			<filename>configs/default_record_default.8a91a69056bc58e063ee29f72ab29604.json</filename>
			<filename>configs/default_record_default.9f1150bcc4564093ae1ad4b44434521e.json</filename>
			<filename>configs/default_record_my_post.7bf4bc79dcf16dc8f743def5fb0c85e0.json</filename>
			<filename>configs/default_record_my_post.9f1150bcc4564093ae1ad4b44434521e.json</filename>
			<filename>configs/default_record_my_post.aab5dbdf167d512fe3d852556afa0e8a.json</filename>
			<filename>configs/default_record_my_post.b5d0160352eb93f871149e00b260a5ad.json</filename>
			<filename>configs/default_record_my_post.e15bdb3f85777343eb13eeac6f8f19a8.json</filename>
			<folder>views/rating_tmpls/crown_img</folder>
			<folder>views/rating_tmpls/jed_img</folder>
			<folder>views/rating_tmpls/default_img</folder>
			<folder>configs</folder>

		</files>

		<files folder="uploads" target="uploads">
			<folder>gallery</folder>
			<folder>image</folder>
		</files>

	</fileset>

</extension>