<?xml version="1.0" encoding="utf-8"?>
<social type="fields" group="group">
	<name>Audios</name>
	<element>audios</element>
	<author>Stack Ideas Sdn Bhd</author>
	<url>http://stackideas.com</url>
	<created>22nd August 2017</created>
	<version>2.1.19</version>
	<copyright>Copyright (c) 2009 - 2017 Stack Ideas Sdn. Bhd.</copyright>
	<license>http://www.gnu.org/licenses/gpl-2.0.html GNU/GPL</license>
	<description><![CDATA[PLG_FIELDS_GROUP_AUDIOS_INFO]]></description>
	<core>true</core>
	<unique>true</unique>
	<files>
		<folder>config</folder>
		<folder>themes</folder>
		<file>audios.php</file>
		<file>audios.xml</file>
	</files>
</social>
