<?xml version="1.0" encoding="utf-8"?>
<social type="fields" group="user">
	<name>Joomla Username</name>
	<element>joomla_username</element>
	<author>Stack Ideas Sdn Bhd</author>
	<url>http://stackideas.com</url>
	<created>23/08/2013</created>
	<version>2.0.166</version>
	<copyright>Copyright (c) 2009 - 2013 Stack Ideas Sdn. Bhd.</copyright>
	<license>http://www.gnu.org/licenses/gpl-2.0.html GNU/GPL</license>
	<description><![CDATA[PLG_FIELDS_JOOMLA_USERNAME_INFO]]></description>
	<core>true</core>
	<unique>true</unique>
	<files>
		<folder>config</folder>
		<folder>themes</folder>
		<file>ajax.php</file>
		<file>helper.php</file>
		<file>joomla_username.php</file>
		<file>joomla_username.xml</file>
	</files>
	
</social>
