<?xml version="1.0" encoding="utf-8"?>
<extension version="2.5" type="plugin" group="finder" method="upgrade">
	<name>plg_finder_easysocialpages</name>
	<author>Stackideas</author>
	<creationDate>19th July 2016</creationDate>
	<copyright>Copyright 2009 - 2016 StackIdeas. All rights reserved.</copyright>
	<license>GPL License</license>
	<authorEmail>support@stackideas.com</authorEmail>
	<authorUrl>http://www.stackideas.com</authorUrl>
	<version>2.0.0</version>
	<description>This plugin indexes EasySocial Pages.</description>
	<files>
		<file plugin="easysocialpages">easysocialpages.php</file>
    	<filename>index.html</filename>
	</files>
	<languages>
		<language tag="en-GB">en-GB.plg_finder_easysocialpages.ini</language>
		<language tag="en-GB">en-GB.plg_finder_easysocialpages.sys.ini</language>
	</languages>
</extension>
