{"0":"default_list_my_blog.9a9b7ca6432a6cc9dff44a6a25f1691a","1":"default_cindex_0","2":"default_list_blog.4933feaa7ba3a6c601b707236e0cd269","3":"default_markup_main_template.8d736f1906195cc4f0ad9867db5622d6","4":"default_list_fields_full_article.490b0ddb7935ca48bb912420a4a38efb","6":"default_list_blog.662a1b7881c18c1bca75914730b9ea1c","7":"default_markup_main_template.820fa62fb201fcdead230f210039cb61","8":"default_list_my_blog.7c68c75831195ac50933c288a3246a58","10":"default_list_blog.234bdd56a921e24dbbd07edde5e676b4","11":"default_markup_main_template.67449bded07880adbc37315e56ebf0ba","12":"default_list_blog.57fe2f7354616ffa0daf5bbb0b9e9465","14":"default_list_blog.8972f223e5b27028eaae285b32af86be","15":"default_markup_main_template.1bff90ab28f4fd1791264bd498272e74","16":"default_list_my_blog.d115b87d3693ee82e438a24940a6bd79","18":"default_list_blog.cea9b65f27ed9b713d42d157eb57d206","19":"default_markup_main_template.f8e66c65bfc6e9d2ec60a2f5505111cb","20":"default_list_blog.763c9aa56dcba04cfff2f2320a0ad239","22":"default_list_blog.6991bb1bdc487bbcf7629e71c7e6df22","23":"default_markup_main_template.57bf519626cf1e5cab1f6f4fa1b900bc","24":"default_list_my_blog.7ce837fe36774eefb6fd947e2f3d585a","26":"default_list_blog.b524905a0b87730bef4cca20a17d6b1f","27":"default_markup_main_template.86f644871f4223c246a6a17efad6a5f9","28":"default_list_my_blog.c01ef6fbebd346e01f03a1e09ad50b4e","30":"default_list_blog.fcbe2a1a904d88461490d4f79f9669e2","31":"default_markup_main_template.3318a696180095a3a850f9d21a708f31","32":"default_list_blog.f1133e96e8e7a50e784561a557d40fca","34":"default_list_blog.ed0373f3aa502ec085581b12b1e7cf16","35":"default_markup_main_template.6d70d6970da2e9b1a143f0a361ab3471","36":"default_record_my_post.e15bdb3f85777343eb13eeac6f8f19a8","37":"default_form_my_form.42726007cf48a88dbff48a95dd765594","38":"default_comments_default.9d7e28c576bd9a6817d6e559c54b6325","39":"default_category_autocomplete.7b887576ca61fe364d4ebb104d22cac6","40":"default_record_my_post.b5d0160352eb93f871149e00b260a5ad","41":"default_form_my_form.9a57a0920dac420c83b47065813662d7","42":"default_comments_default.7b1577ccb61a6a661196b1fef585ab11","43":"default_category_autocomplete.05005aae5093bc7c3f167425bab3cb75","44":"default_record_my_post.9f1150bcc4564093ae1ad4b44434521e","45":"default_form_my_form.7b88da031118c7451b81499c5adb2847","46":"default_comments_default.ddb39441b37e8415da517f23c6ca53bb","47":"default_category_autocomplete.85bb8309260ee9dc7d7c286df1882f2f","48":"default_record_default.73398224c4cf9b5a5b4484621727c65d","49":"default_form_my_form.6057173fdb6c8e3e9ff19eb331c7b642","50":"default_comments_default.2c9d42ac48ba54f745156b24e1c7b9ed","51":"default_category_autocomplete.a586a791642c011b0efcbd8d9d5feb39","52":"default_record_default.8a91a69056bc58e063ee29f72ab29604","53":"default_form_my_form.0e7d77dd00b6fea142e8154b39a6598d","54":"default_comments_default.e85748bdd491ca6a5816fa5dd117b1ff","55":"default_category_autocomplete.f1e4af358618de9a83a55c39eec9153f","56":"default_record_default.9f1150bcc4564093ae1ad4b44434521e","60":"default_record_my_post.7bf4bc79dcf16dc8f743def5fb0c85e0","61":"default_form_my_form.89d465686602ff7e754658ea02d0ad7f","62":"default_comments_default.aa672ecc6b7d6fea8e1d5e970ca7d434","63":"default_category_autocomplete.4ba69289c24fa043d7fe1102ffaaca26","64":"default_record_my_post.aab5dbdf167d512fe3d852556afa0e8a","65":"default_form_my_form.d98d64d332a0f92514be5c7d72debbf5","66":"default_comments_default.01c3e88dae83d2df41bdedd72f55b774","67":"default_category_autocomplete.1514cac2582cd84fe8083a0aabb9df36","68":"default_record_default.76afe011d587424feb22bfe9d906236d","69":"default_form_my_form.7c6946542d559133c07c1410510ad6c7","70":"default_comments_default.189260ffd22d9fd3622591dffe5da270","71":"default_category_autocomplete.85b8f90852066a22b329b83552d7255a"}