{"1":{"id":"1","title":"\u041e \u0441\u043e\u0431\u0430\u043a\u0435","type_id":"1","ordering":"1","description":"","checked_out":"0","checked_out_time":"0000-00-00 00:00:00","icon":"information-button.png"},"2":{"id":"2","title":"\u0410\u043b\u044c\u0431\u043e\u043c\u044b","type_id":"1","ordering":"8","description":"","checked_out":"0","checked_out_time":"0000-00-00 00:00:00","icon":"images-stack.png"},"3":{"id":"3","title":"\u0412\u0438\u0434\u0435\u043e\u0440\u043e\u043b\u0438\u043a\u0438","type_id":"1","ordering":"9","description":"","checked_out":"0","checked_out_time":"0000-00-00 00:00:00","icon":"clapperboard.png"},"4":{"id":"4","title":"\u041f\u0438\u0442\u043e\u043c\u043d\u0438\u043a","type_id":"1","ordering":"6","description":"","checked_out":"0","checked_out_time":"0000-00-00 00:00:00","icon":"home.png"},"5":{"id":"5","title":"\u041c\u0435\u0441\u0442\u043e\u043f\u043e\u043b\u043e\u0436\u0435\u043d\u0438\u0435","type_id":"1","ordering":"7","description":"","checked_out":"0","checked_out_time":"0000-00-00 00:00:00","icon":"globe.png"},"6":{"id":"6","title":"\u041f\u0438\u0442\u043e\u043c\u0446\u044b","type_id":"5","ordering":"4","description":"","checked_out":"0","checked_out_time":"0000-00-00 00:00:00","icon":"animal-dog.png"},"7":{"id":"7","title":"\u041e \u043f\u0438\u0442\u043e\u043c\u043d\u0438\u043a\u0435","type_id":"5","ordering":"1","description":"","checked_out":"0","checked_out_time":"0000-00-00 00:00:00","icon":"information-balloon.png"},"8":{"id":"8","title":"\u041a\u043e\u043d\u0442\u0430\u043a\u0442\u044b","type_id":"5","ordering":"3","description":"","checked_out":"0","checked_out_time":"0000-00-00 00:00:00","icon":"address-book.png"},"9":{"id":"9","title":"\u041f\u0440\u0435\u0434\u0441\u0442\u0430\u0432\u0438\u0442\u0435\u043b\u0438 \u043f\u043e\u0440\u043e\u0434\u044b","type_id":"4","ordering":"2","description":"","checked_out":"0","checked_out_time":"0000-00-00 00:00:00","icon":"animal-dog.png"},"10":{"id":"10","title":"\u041f\u0438\u0442\u043e\u043c\u043d\u0438\u043a\u0438","type_id":"4","ordering":"4","description":"","checked_out":"0","checked_out_time":"0000-00-00 00:00:00","icon":"home.png"},"11":{"id":"11","title":"\u0420\u0430\u0437\u0432\u043e\u0434\u0438\u043c\u044b\u0435 \u043f\u043e\u0440\u043e\u0434\u044b","type_id":"5","ordering":"6","description":"","checked_out":"0","checked_out_time":"0000-00-00 00:00:00","icon":"medal-bronze.png"},"13":{"id":"13","title":"\u0418\u043d\u0444\u043e","type_id":"6","ordering":"1","description":"","checked_out":"0","checked_out_time":"0000-00-00 00:00:00","icon":"information-balloon.png"},"14":{"id":"14","title":"\u041a\u043e\u043d\u0442\u0430\u043a\u0442\u044b","type_id":"6","ordering":"2","description":"","checked_out":"0","checked_out_time":"0000-00-00 00:00:00","icon":"address-book.png"},"17":{"id":"17","title":"\u0420\u043e\u0434\u0438\u0442\u0435\u043b\u0438","type_id":"1","ordering":"3","description":"","checked_out":"0","checked_out_time":"0000-00-00 00:00:00","icon":"leaf-red.png"},"18":{"id":"18","title":"\u041f\u043e\u0442\u043e\u043c\u043a\u0438","type_id":"1","ordering":"4","description":"","checked_out":"0","checked_out_time":"0000-00-00 00:00:00","icon":"leaf.png"},"19":{"id":"19","title":"\u0422\u0438\u0442\u0443\u043b\u044b","type_id":"1","ordering":"2","description":"","checked_out":"0","checked_out_time":"0000-00-00 00:00:00","icon":"titles.png"},"20":{"id":"20","title":"\u041e\u0431 \u043e\u0440\u0433\u0430\u043d\u0438\u0437\u0430\u0446\u0438\u0438","type_id":"8","ordering":"2","description":"","checked_out":"0","checked_out_time":"0000-00-00 00:00:00","icon":"information-balloon.png"},"21":{"id":"21","title":"\u0420\u0435\u0436\u0438\u043c \u0440\u0430\u0431\u043e\u0442\u044b","type_id":"8","ordering":"3","description":"","checked_out":"0","checked_out_time":"0000-00-00 00:00:00","icon":"clock-select.png"},"22":{"id":"22","title":"\u0420\u0430\u0441\u043f\u043e\u043b\u043e\u0436\u0435\u043d\u0438\u0435","type_id":"8","ordering":"5","description":"","checked_out":"0","checked_out_time":"0000-00-00 00:00:00","icon":"marker.png"},"23":{"id":"23","title":"\u041a\u043e\u043d\u0442\u0430\u043a\u0442\u044b","type_id":"8","ordering":"4","description":"","checked_out":"0","checked_out_time":"0000-00-00 00:00:00","icon":"address-book.png"},"24":{"id":"24","title":"\u041f\u0440\u0438\u0441\u0432\u043e\u0435\u043d\u043d\u044b\u0435 \u0442\u0438\u0442\u0443\u043b\u044b","type_id":"8","ordering":"6","description":"","checked_out":"0","checked_out_time":"0000-00-00 00:00:00","icon":"titles.png"},"25":{"id":"25","title":"\u0412\u044b\u0434\u0430\u043d\u043d\u044b\u0435 \u0440\u043e\u0434\u043e\u0441\u043b\u043e\u0432\u043d\u044b\u0435","type_id":"8","ordering":"7","description":"","checked_out":"0","checked_out_time":"0000-00-00 00:00:00","icon":"medal-bronze.png"},"34":{"id":"34","title":"\u0429\u0435\u043d\u043a\u0438","type_id":"4","ordering":"3","description":"","checked_out":"0","checked_out_time":"0000-00-00 00:00:00","icon":"leaf.png"},"35":{"id":"35","title":"\u0429\u0435\u043d\u043a\u0438","type_id":"1","ordering":"5","description":"","checked_out":"0","checked_out_time":"0000-00-00 00:00:00","icon":"animal-dog.png"},"36":{"id":"36","title":"\u0429\u0435\u043d\u043a\u0438","type_id":"5","ordering":"5","description":"","checked_out":"0","checked_out_time":"0000-00-00 00:00:00","icon":"leaf.png"},"38":{"id":"38","title":"\u041e \u043f\u043e\u0440\u043e\u0434\u0435","type_id":"4","ordering":"1","description":"","checked_out":"0","checked_out_time":"0000-00-00 00:00:00","icon":"information-balloon.png"},"39":{"id":"39","title":"\u041f\u0440\u0438\u043d\u0430\u0434\u043b\u0435\u0436\u0438\u0442","type_id":"9","ordering":"1","description":"","checked_out":"0","checked_out_time":"0000-00-00 00:00:00","icon":"animal-dog.png"},"40":{"id":"40","title":"\u0417\u0430\u0440\u0435\u0433\u0435\u0441\u0442\u0440\u0438\u0440\u043e\u0432\u0430\u043d\u0430 \u0432","type_id":"9","ordering":"2","description":"","checked_out":"0","checked_out_time":"0000-00-00 00:00:00","icon":"document-text-image.png"},"41":{"id":"41","title":"\u041d\u043e\u0432\u043e\u0441\u0442\u0438","type_id":"5","ordering":"2","description":"","checked_out":"0","checked_out_time":"0000-00-00 00:00:00","icon":"document-text-image.png"},"42":{"id":"42","title":"\u041d\u043e\u0432\u043e\u0441\u0442\u0438","type_id":"8","ordering":"1","description":"","checked_out":"0","checked_out_time":"0000-00-00 00:00:00","icon":"document-text-image.png"},"43":{"id":"43","title":"\u041a\u0442\u043e \u0440\u0430\u0437\u043c\u0435\u0441\u0442\u0438\u043b?","type_id":"11","ordering":"1","description":"","checked_out":"0","checked_out_time":"0000-00-00 00:00:00","icon":"question-balloon.png"}}