{"1":{"id":"1","filename":"1494856572_e1714fb5c3e954d0b172da5cc43d0325.jpg","realname":"haski_main.jpg","ctime":"2017-05-15 13:56:12","saved":"1","params":null,"section_id":"4","record_id":"1","type_id":"4","field_id":"27","user_id":"48","ext":"jpg","fullpath":"uploads\/image\/2017-05\/1494856572_e1714fb5c3e954d0b172da5cc43d0325.jpg","hits":"0","size":"0","ip":"127.0.0.1","width":"0","height":"0","rating":null,"rating_nums":"0","comments":null,"comment_num":"0","title":null,"description":null,"views":"0"},"2":{"id":"2","filename":"1494857112_eefda062330da2c91b846459c4b56fdf.jpg","realname":"\u043b\u043e\u0442\u0430\u0441.jpg","ctime":"2017-05-15 14:05:12","saved":"1","params":null,"section_id":"1","record_id":"2","type_id":"1","field_id":"28","user_id":"49","ext":"jpg","fullpath":"uploads\/image\/2017-05\/1494857112_eefda062330da2c91b846459c4b56fdf.jpg","hits":"0","size":"0","ip":"127.0.0.1","width":"0","height":"0","rating":null,"rating_nums":"0","comments":null,"comment_num":"0","title":null,"description":null,"views":"0"},"3":{"id":"3","filename":"1526464157_c759d58777422d6d51f4f92cc7ec79bf.jpg","realname":"cristal_family.jpg","ctime":"2018-05-16 09:49:17","saved":"1","params":null,"section_id":"5","record_id":"3","type_id":"5","field_id":"29","user_id":"52","ext":"jpg","fullpath":"uploads\/image\/2018-05\/1526464157_c759d58777422d6d51f4f92cc7ec79bf.jpg","hits":"0","size":"0","ip":"127.0.0.1","width":"0","height":"0","rating":null,"rating_nums":"0","comments":null,"comment_num":"0","title":null,"description":null,"views":"0"},"13":{"id":"13","filename":"1526950800_ba1775129bd105fd91f263f0b9c046b4.jpg","realname":"\u043b\u043e\u0442\u0430\u04412.jpg","ctime":"2018-05-22 13:37:19","saved":"1","params":"{\"FileName\":\"1526950800_ba1775129bd105fd91f263f0b9c046b4.jpg\",\"FileDateTime\":1526996239,\"FileSize\":30984,\"FileType\":2,\"MimeType\":\"image\\\/jpeg\",\"SectionsFound\":\"\",\"COMPUTED\":{\"html\":\"width=\\\"402\\\" height=\\\"604\\\"\",\"Height\":604,\"Width\":402,\"IsColor\":1}}","section_id":"2","record_id":"5","type_id":"2","field_id":"15","user_id":"49","ext":"jpg","fullpath":"2018-05\/1526950800_ba1775129bd105fd91f263f0b9c046b4.jpg","hits":"0","size":"30984","ip":"86.57.147.66","width":"402","height":"604","rating":null,"rating_nums":"0","comments":null,"comment_num":"0","title":null,"description":null,"views":"0"},"14":{"id":"14","filename":"1526950800_63627d4e9e89e352a65ff3edda4454a1.jpg","realname":"\u043b\u043e\u0442\u0430\u0441.jpg","ctime":"2018-05-22 13:37:27","saved":"1","params":"{\"FileName\":\"1526950800_63627d4e9e89e352a65ff3edda4454a1.jpg\",\"FileDateTime\":1526996247,\"FileSize\":45074,\"FileType\":2,\"MimeType\":\"image\\\/jpeg\",\"SectionsFound\":\"\",\"COMPUTED\":{\"html\":\"width=\\\"604\\\" height=\\\"403\\\"\",\"Height\":403,\"Width\":604,\"IsColor\":1}}","section_id":"2","record_id":"5","type_id":"2","field_id":"15","user_id":"49","ext":"jpg","fullpath":"2018-05\/1526950800_63627d4e9e89e352a65ff3edda4454a1.jpg","hits":"0","size":"45074","ip":"86.57.147.66","width":"604","height":"403","rating":null,"rating_nums":"0","comments":null,"comment_num":"0","title":null,"description":null,"views":"0"},"15":{"id":"15","filename":"1527055200_2315c5a590024acb77c5fe502b33eb9d.jpg","realname":"11aa21u-960.jpg","ctime":"2018-05-23 06:20:56","saved":"1","params":"{\"FileName\":\"1527055200_2315c5a590024acb77c5fe502b33eb9d.jpg\",\"FileDateTime\":1527056456,\"FileSize\":73126,\"FileType\":2,\"MimeType\":\"image\\\/jpeg\",\"SectionsFound\":\"\",\"COMPUTED\":{\"html\":\"width=\\\"515\\\" height=\\\"428\\\"\",\"Height\":428,\"Width\":515,\"IsColor\":1}}","section_id":"2","record_id":"4","type_id":"2","field_id":"15","user_id":"49","ext":"jpg","fullpath":"2018-05\/1527055200_2315c5a590024acb77c5fe502b33eb9d.jpg","hits":"0","size":"73126","ip":"86.57.147.66","width":"515","height":"428","rating":null,"rating_nums":"0","comments":null,"comment_num":"0","title":null,"description":null,"views":"0"},"16":{"id":"16","filename":"1527055200_b4d46e2953c5c9ebb0e1d63bfa41734b.jpg","realname":"2488705664.jpg","ctime":"2018-05-23 06:29:31","saved":"1","params":"{\"FileName\":\"1527055200_b4d46e2953c5c9ebb0e1d63bfa41734b.jpg\",\"FileDateTime\":1527056971,\"FileSize\":38756,\"FileType\":2,\"MimeType\":\"image\\\/jpeg\",\"SectionsFound\":\"\",\"COMPUTED\":{\"html\":\"width=\\\"604\\\" height=\\\"403\\\"\",\"Height\":403,\"Width\":604,\"IsColor\":1}}","section_id":"2","record_id":"4","type_id":"2","field_id":"15","user_id":"49","ext":"jpg","fullpath":"2018-05\/1527055200_b4d46e2953c5c9ebb0e1d63bfa41734b.jpg","hits":"0","size":"38756","ip":"86.57.147.66","width":"604","height":"403","rating":null,"rating_nums":"0","comments":null,"comment_num":"0","title":null,"description":null,"views":"0"},"17":{"id":"17","filename":"1527055200_6163eee6dba4f20d3db6a90470a6b233.jpg","realname":"4306978660_30262d5987.jpg","ctime":"2018-05-23 06:29:48","saved":"1","params":"{\"FileName\":\"1527055200_6163eee6dba4f20d3db6a90470a6b233.jpg\",\"FileDateTime\":1527056988,\"FileSize\":95082,\"FileType\":2,\"MimeType\":\"image\\\/jpeg\",\"SectionsFound\":\"\",\"COMPUTED\":{\"html\":\"width=\\\"500\\\" height=\\\"500\\\"\",\"Height\":500,\"Width\":500,\"IsColor\":1}}","section_id":"2","record_id":"4","type_id":"2","field_id":"15","user_id":"49","ext":"jpg","fullpath":"2018-05\/1527055200_6163eee6dba4f20d3db6a90470a6b233.jpg","hits":"0","size":"95082","ip":"86.57.147.66","width":"500","height":"500","rating":null,"rating_nums":"0","comments":null,"comment_num":"0","title":null,"description":null,"views":"0"},"18":{"id":"18","filename":"1527055200_21bf631c5616ce6e9fec608b63b2ee71.jpg","realname":"Siberian-Husky-03.jpg","ctime":"2018-05-23 06:49:07","saved":"1","params":"{\"FileName\":\"1527055200_21bf631c5616ce6e9fec608b63b2ee71.jpg\",\"FileDateTime\":1527058147,\"FileSize\":34618,\"FileType\":2,\"MimeType\":\"image\\\/jpeg\",\"SectionsFound\":\"IFD0, APP12\",\"COMPUTED\":{\"html\":\"width=\\\"500\\\" height=\\\"281\\\"\",\"Height\":281,\"Width\":500,\"IsColor\":1,\"ByteOrderMotorola\":0},\"Company\":\"Ducky\",\"Info\":\"\\u0001\"}","section_id":"2","record_id":"5","type_id":"2","field_id":"15","user_id":"49","ext":"jpg","fullpath":"2018-05\/1527055200_21bf631c5616ce6e9fec608b63b2ee71.jpg","hits":"0","size":"34618","ip":"86.57.147.66","width":"500","height":"281","rating":null,"rating_nums":"0","comments":null,"comment_num":"0","title":null,"description":null,"views":"0"},"19":{"id":"19","filename":"1527086304_b462164a63d1c7360bd92c7adef7bab2.jpg","realname":"\u0430\u043d\u043d\u04302.jpg","ctime":"2018-05-23 14:38:24","saved":"1","params":null,"section_id":"6","record_id":"6","type_id":"6","field_id":"44","user_id":"52","ext":"jpg","fullpath":"uploads\/image\/2018-05\/1527086304_b462164a63d1c7360bd92c7adef7bab2.jpg","hits":"0","size":"0","ip":"127.0.0.1","width":"0","height":"0","rating":null,"rating_nums":"0","comments":null,"comment_num":"0","title":null,"description":null,"views":"0"},"20":{"id":"20","filename":"1527146027_d822472fe56082047cf1d456c3849d4a.jpg","realname":"med_54437fbe3cc1c.jpg","ctime":"2018-05-24 07:13:47","saved":"1","params":null,"section_id":"1","record_id":"7","type_id":"1","field_id":"28","user_id":"52","ext":"jpg","fullpath":"uploads\/image\/2018-05\/1527146027_d822472fe56082047cf1d456c3849d4a.jpg","hits":"0","size":"0","ip":"127.0.0.1","width":"0","height":"0","rating":null,"rating_nums":"0","comments":null,"comment_num":"0","title":null,"description":null,"views":"0"},"22":{"id":"22","filename":"1527147761_9e72b8fdbbd7ec9f2c1961e4fa091e2a.png","realname":"avstral_ovcharka.png","ctime":"2018-05-24 07:42:41","saved":"1","params":null,"section_id":"4","record_id":"9","type_id":"4","field_id":"27","user_id":"48","ext":"png","fullpath":"uploads\/image\/2018-05\/1527147761_9e72b8fdbbd7ec9f2c1961e4fa091e2a.png","hits":"0","size":"0","ip":"127.0.0.1","width":"0","height":"0","rating":null,"rating_nums":"0","comments":null,"comment_num":"0","title":null,"description":null,"views":"0"},"23":{"id":"23","filename":"1527150564_f99e9acd3b57c4ccac46a0041c701478.jpg","realname":"BACARDI EXCITE.jpg","ctime":"2018-05-24 08:29:24","saved":"1","params":null,"section_id":"1","record_id":"10","type_id":"1","field_id":"28","user_id":"52","ext":"jpg","fullpath":"uploads\/image\/2018-05\/1527150564_f99e9acd3b57c4ccac46a0041c701478.jpg","hits":"0","size":"0","ip":"127.0.0.1","width":"0","height":"0","rating":null,"rating_nums":"0","comments":null,"comment_num":"0","title":null,"description":null,"views":"0"},"24":{"id":"24","filename":"1527148800_d43be268907b1e703b114ae0903e9c04.jpg","realname":"med_54437fbe3cc1c.jpg","ctime":"2018-05-24 08:38:03","saved":"1","params":"{\"FileName\":\"1527148800_d43be268907b1e703b114ae0903e9c04.jpg\",\"FileDateTime\":1527151083,\"FileSize\":22957,\"FileType\":2,\"MimeType\":\"image\\\/jpeg\",\"SectionsFound\":\"COMMENT\",\"COMPUTED\":{\"html\":\"width=\\\"300\\\" height=\\\"253\\\"\",\"Height\":253,\"Width\":300,\"IsColor\":1},\"COMMENT\":[\"CREATOR: gd-jpeg v1.0 (using IJG JPEG v80), quality = 80\\n\"]}","section_id":"2","record_id":"4","type_id":"2","field_id":"15","user_id":"49","ext":"jpg","fullpath":"2018-05\/1527148800_d43be268907b1e703b114ae0903e9c04.jpg","hits":"0","size":"22957","ip":"127.0.0.1","width":"300","height":"253","rating":null,"rating_nums":"0","comments":null,"comment_num":"0","title":null,"description":null,"views":"0"},"25":{"id":"25","filename":"1527148800_ae7a9e8bf04cacbd6cc2eaa1d003e4b3.jpg","realname":"BACARDI EXCITE.jpg","ctime":"2018-05-24 08:38:38","saved":"1","params":"{\"FileName\":\"1527148800_ae7a9e8bf04cacbd6cc2eaa1d003e4b3.jpg\",\"FileDateTime\":1527151118,\"FileSize\":27491,\"FileType\":2,\"MimeType\":\"image\\\/jpeg\",\"SectionsFound\":\"COMMENT\",\"COMPUTED\":{\"html\":\"width=\\\"300\\\" height=\\\"450\\\"\",\"Height\":450,\"Width\":300,\"IsColor\":1},\"COMMENT\":[\"CREATOR: gd-jpeg v1.0 (using IJG JPEG v80), quality = 80\\n\"]}","section_id":"2","record_id":"4","type_id":"2","field_id":"15","user_id":"49","ext":"jpg","fullpath":"2018-05\/1527148800_ae7a9e8bf04cacbd6cc2eaa1d003e4b3.jpg","hits":"0","size":"27491","ip":"127.0.0.1","width":"300","height":"450","rating":null,"rating_nums":"0","comments":null,"comment_num":"0","title":null,"description":null,"views":"0"},"26":{"id":"26","filename":"1527148800_fcf702abef8ba7c434dee21bfecfd919.jpg","realname":"med_54437fbe3cc1c.jpg","ctime":"2018-05-24 08:44:47","saved":"1","params":"{\"FileName\":\"1527148800_fcf702abef8ba7c434dee21bfecfd919.jpg\",\"FileDateTime\":1527151487,\"FileSize\":22957,\"FileType\":2,\"MimeType\":\"image\\\/jpeg\",\"SectionsFound\":\"COMMENT\",\"COMPUTED\":{\"html\":\"width=\\\"300\\\" height=\\\"253\\\"\",\"Height\":253,\"Width\":300,\"IsColor\":1},\"COMMENT\":[\"CREATOR: gd-jpeg v1.0 (using IJG JPEG v80), quality = 80\\n\"]}","section_id":"2","record_id":"5","type_id":"2","field_id":"15","user_id":"49","ext":"jpg","fullpath":"2018-05\/1527148800_fcf702abef8ba7c434dee21bfecfd919.jpg","hits":"0","size":"22957","ip":"127.0.0.1","width":"300","height":"253","rating":null,"rating_nums":"0","comments":null,"comment_num":"0","title":null,"description":null,"views":"0"},"27":{"id":"27","filename":"1527148800_247776b31f4b515ae270a41c31c218f1.jpg","realname":"BACARDI EXCITE.jpg","ctime":"2018-05-24 08:44:55","saved":"1","params":"{\"FileName\":\"1527148800_247776b31f4b515ae270a41c31c218f1.jpg\",\"FileDateTime\":1527151495,\"FileSize\":27491,\"FileType\":2,\"MimeType\":\"image\\\/jpeg\",\"SectionsFound\":\"COMMENT\",\"COMPUTED\":{\"html\":\"width=\\\"300\\\" height=\\\"450\\\"\",\"Height\":450,\"Width\":300,\"IsColor\":1},\"COMMENT\":[\"CREATOR: gd-jpeg v1.0 (using IJG JPEG v80), quality = 80\\n\"]}","section_id":"2","record_id":"5","type_id":"2","field_id":"15","user_id":"49","ext":"jpg","fullpath":"2018-05\/1527148800_247776b31f4b515ae270a41c31c218f1.jpg","hits":"0","size":"27491","ip":"127.0.0.1","width":"300","height":"450","rating":null,"rating_nums":"0","comments":null,"comment_num":"0","title":null,"description":null,"views":"0"},"28":{"id":"28","filename":"1527148800_a4b0d9cdf76b31869928ec6e548fcf51.jpeg","realname":"1424450917_ckv8kobhtpnr1xg.jpeg","ctime":"2018-05-24 08:46:20","saved":"1","params":"{\"FileName\":\"1527148800_a4b0d9cdf76b31869928ec6e548fcf51.jpeg\",\"FileDateTime\":1527151580,\"FileSize\":50227,\"FileType\":2,\"MimeType\":\"image\\\/jpeg\",\"SectionsFound\":\"COMMENT\",\"COMPUTED\":{\"html\":\"width=\\\"500\\\" height=\\\"347\\\"\",\"Height\":347,\"Width\":500,\"IsColor\":1},\"COMMENT\":[\"CREATOR: gd-jpeg v1.0 (using IJG JPEG v62), quality = 80\\n\"]}","section_id":"2","record_id":"4","type_id":"2","field_id":"15","user_id":"49","ext":"jpeg","fullpath":"2018-05\/1527148800_a4b0d9cdf76b31869928ec6e548fcf51.jpeg","hits":"0","size":"50227","ip":"127.0.0.1","width":"500","height":"347","rating":null,"rating_nums":"0","comments":null,"comment_num":"0","title":null,"description":null,"views":"0"},"30":{"id":"30","filename":"1527171214_1c05a587927bc9db2d52cfbfc1a89774.png","realname":"Shape5_Political_logo.png","ctime":"2018-05-24 14:13:34","saved":"1","params":null,"section_id":"8","record_id":"12","type_id":"8","field_id":"78","user_id":"54","ext":"png","fullpath":"uploads\/image\/2018-05\/1527171214_1c05a587927bc9db2d52cfbfc1a89774.png","hits":"0","size":"0","ip":"127.0.0.1","width":"0","height":"0","rating":null,"rating_nums":"0","comments":null,"comment_num":"0","title":null,"description":null,"views":"0"},"31":{"id":"31","filename":"1527428110_046d2f7506c7a26b3d6816a9281ec099.jpg","realname":"\u0420\u043e\u0434\u043e\u0441\u043b\u043e\u0432\u043d\u0430\u044f_\u041b\u043e\u0442\u043e\u0441\u0430.jpg","ctime":"2018-05-27 13:35:10","saved":"1","params":null,"section_id":"9","record_id":"14","type_id":"9","field_id":"88","user_id":"49","ext":"jpg","fullpath":"uploads\/image\/2018-05\/1527428110_046d2f7506c7a26b3d6816a9281ec099.jpg","hits":"0","size":"0","ip":"127.0.0.1","width":"0","height":"0","rating":null,"rating_nums":"0","comments":null,"comment_num":"0","title":null,"description":null,"views":"0"},"33":{"id":"33","filename":"1527757443_2b49d84bc655036abb8d3e1e34ce8c88.jpg","realname":"news.jpg","ctime":"2018-05-31 09:04:03","saved":"1","params":null,"section_id":"11","record_id":"16","type_id":"11","field_id":"130","user_id":"52","ext":"jpg","fullpath":"uploads\/image\/2018-05\/1527757443_2b49d84bc655036abb8d3e1e34ce8c88.jpg","hits":"0","size":"0","ip":"127.0.0.1","width":"0","height":"0","rating":null,"rating_nums":"0","comments":null,"comment_num":"0","title":null,"description":null,"views":"0"},"34":{"id":"34","filename":"1527758528_f16cba54c2313dc18efe1da9b4e77289.jpg","realname":"lotos.jpg","ctime":"2018-05-31 09:22:08","saved":"1","params":null,"section_id":"11","record_id":"17","type_id":"11","field_id":"130","user_id":"52","ext":"jpg","fullpath":"uploads\/image\/2018-05\/1527758528_f16cba54c2313dc18efe1da9b4e77289.jpg","hits":"0","size":"0","ip":"127.0.0.1","width":"0","height":"0","rating":null,"rating_nums":"0","comments":null,"comment_num":"0","title":null,"description":null,"views":"0"},"35":{"id":"35","filename":"1527765373_c05049e7cad7c646280ae12cfc7b6682.jpg","realname":"004.jpg","ctime":"2018-05-31 11:16:13","saved":"1","params":null,"section_id":"11","record_id":"18","type_id":"11","field_id":"130","user_id":"54","ext":"jpg","fullpath":"uploads\/image\/2018-05\/1527765373_c05049e7cad7c646280ae12cfc7b6682.jpg","hits":"0","size":"0","ip":"127.0.0.1","width":"0","height":"0","rating":null,"rating_nums":"0","comments":null,"comment_num":"0","title":null,"description":null,"views":"0"}}