{"1":{"id":"1","option":"com_cobalt","type":"record_bookmarked","ctime":"2018-05-12 11:18:49","notified":"1","alerted":"0","params":"{\"id\":\"2\",\"title\":\"\\u041b\\u043e\\u0442\\u043e\\u0441 (ARION LOTOS)\",\"user_id\":\"49\",\"section_id\":\"1\",\"ctime\":\"2017-05-15 14:05:12\",\"extime\":\"0000-00-00 00:00:00\",\"mtime\":\"2017-05-15 14:05:12\",\"inittime\":\"2017-05-15 14:05:12\",\"ftime\":\"0000-00-00 00:00:00\",\"pubtime\":\"0000-00-00 00:00:00\",\"type_id\":\"1\",\"ip\":\"127.0.0.1\",\"categories\":\"[]\",\"version\":\"1\",\"newTags\":null,\"section\":{\"id\":\"1\",\"asset_id\":\"72\",\"name\":\"\\u041a\\u0430\\u0442\\u0430\\u043b\\u043e\\u0433 \\u0441\\u043e\\u0431\\u0430\\u043a\",\"title\":\"\\u041a\\u0430\\u0442\\u0430\\u043b\\u043e\\u0433 \\u0441\\u043e\\u0431\\u0430\\u043a\",\"alias\":\"catalog-dogs\",\"description\":\"\",\"published\":\"1\",\"ordering\":\"5\",\"image\":\"\",\"image_position\":\"\",\"params\":{\"general\":{\"status\":\"1\",\"status_msg\":\"This section is currently offline. Please, check back later.\",\"category_itemid\":\"\",\"noaccess_redirect\":\"\",\"orderby\":\"r.ctime DESC\",\"lang_mode\":\"0\",\"records_mode\":\"0\",\"filter_mode\":\"1\",\"cat_mode\":\"1\",\"can_display\":\"\",\"featured_first\":\"0\",\"marknew\":\"0\",\"show_future_records\":\"3\",\"show_past_records\":\"3\",\"show_restrict\":\"1\",\"show_children\":\"0\",\"have_unpublished\":\"1\",\"item_label\":\"item\",\"section_home_items\":\"1\",\"section_home_orderby\":\"r.ctime DESC\",\"home_featured_first\":\"0\",\"type\":[\"1\"],\"record_submit_limit\":\"0\",\"tmpl_markup\":\"default.8d736f1906195cc4f0ad9867db5622d6\",\"tmpl_list\":[\"blog.9a9b7ca6432a6cc9dff44a6a25f1691a\"],\"tmpl_category\":\"0\",\"tmpl_compare\":\"blog.4933feaa7ba3a6c601b707236e0cd269\",\"tmpl_list_default\":\"default\"},\"more\":{\"search_mode\":\"3\",\"search_title\":\"1\",\"search_name\":\"0\",\"search_email\":\"0\",\"search_comments\":\"0\",\"feed_link\":\"1\",\"feed_link2\":\"1\",\"records_mode\":\"0\",\"feed_limit\":\"50\",\"orderby_rss\":\"r.ctime DESC\",\"feed_link_type\":\"1\",\"metadesc\":\"\",\"metakey\":\"\",\"author\":\"\",\"robots\":\"\"},\"personalize\":{\"personalize\":\"0\",\"records_mode\":\"0\",\"author_mode\":\"username\",\"breadcrumbs\":\"1\",\"post_anywhere\":\"1\",\"home_text\":\"See all artilces\",\"text_icon\":\"home.png\",\"onlinestatus\":\"1\",\"vip\":\"0\",\"novip\":\"3\",\"glod_amount\":\"250\",\"vip_gold\":\"vipGold.png\",\"vip_silver\":\"vipSilver.png\",\"vip_gray\":\"vipGray.png\",\"pcat_submit\":\"0\",\"pcat_limit\":\"10\",\"pcat_descr_length\":\"200\",\"pcat_icon\":\"1\",\"pcat_meta\":\"2\",\"allow_section_set\":\"1\",\"allow_change_header\":\"1\",\"allow_change_descr\":\"1\",\"user_sec_descr_length\":\"200\",\"allow_access_control\":\"1\",\"allow_access_control_add\":\"1\"},\"events\":{\"subscribe_section\":\"2\",\"subscribe_category\":0,\"subscribe_record\":\"2\",\"subscribe_user\":\"2\",\"alerts\":\"1\",\"user_manage\":\"1\",\"event_date_format\":\"\",\"event_date_custom\":\"d M Y\",\"event\":{\"record_new\":{\"notif\":\"2\",\"activ\":\"2\",\"karma1\":\"0\",\"msg\":\"EVENT_RECORD_NEW\",\"msg_pers\":\"EVENT_RECORD_NEW_PERS\"},\"record_view\":{\"notif\":\"2\",\"activ\":\"2\",\"karma1\":\"0\",\"karma2\":\"0\",\"msg\":\"EVENT_RECORD_VIEW\",\"msg_pers\":\"EVENT_RECORD_VIEW_PERS\"},\"record_wait_approve\":{\"notif\":\"2\",\"activ\":\"2\",\"msg\":\"EVENT_RECORD_WAIT_APPROVE\",\"msg_pers\":\"EVENT_RECORD_WAIT_APPROVE_PERS\"},\"record_approved\":{\"notif\":\"2\",\"activ\":\"2\",\"karma1\":\"0\",\"karma2\":\"0\",\"msg\":\"EVENT_RECORD_APPROVED\",\"msg_pers\":\"EVENT_RECORD_APPROVED_PERS\"},\"record_edited\":{\"notif\":\"2\",\"activ\":\"2\",\"karma1\":\"0\",\"karma2\":\"0\",\"msg\":\"EVENT_RECORD_EDITED\",\"msg_pers\":\"EVENT_RECORD_EDITED_PERS\"},\"record_deleted\":{\"notif\":\"2\",\"activ\":\"2\",\"karma1\":\"0\",\"karma2\":\"0\",\"msg\":\"EVENT_RECORD_DELETED\",\"msg_pers\":\"EVENT_RECORD_DELETED_PERS\"},\"record_rated\":{\"notif\":\"2\",\"activ\":\"2\",\"karma1\":\"0\",\"karma2\":\"0\",\"msg\":\"EVENT_RECORD_RATED\",\"msg_pers\":\"EVENT_RECORD_RATED_PERS\"},\"record_expired\":{\"notif\":\"2\",\"activ\":\"2\",\"karma2\":\"0\",\"msg\":\"EVENT_RECORD_EXPIRED\",\"msg_pers\":\"EVENT_RECORD_EXPIRED_PERS\"},\"record_featured_expired\":{\"notif\":\"2\",\"activ\":\"2\",\"karma2\":\"0\",\"msg\":\"EVENT_RECORD_FEATURED_EXPIRED\",\"msg_pers\":\"EVENT_RECORD_FEATURED_EXPIRED_PERS\"},\"record_bookmarked\":{\"notif\":\"2\",\"activ\":\"2\",\"karma1\":\"0\",\"karma2\":\"0\",\"msg\":\"EVENT_RECORD_BOOKMARKED\",\"msg_pers\":\"EVENT_RECORD_BOOKMARKED_PERS\"},\"record_tagged\":{\"notif\":\"2\",\"activ\":\"2\",\"karma1\":\"0\",\"karma2\":\"0\",\"msg\":\"EVENT_RECORD_TAGGED\",\"msg_pers\":\"EVENT_RECORD_TAGGED_PERS\"},\"record_unpublished\":{\"notif\":\"2\",\"activ\":\"2\",\"karma1\":\"0\",\"karma2\":\"0\",\"msg\":\"EVENT_RECORD_UNPUBLISHED\",\"msg_pers\":\"EVENT_RECORD_UNPUBLISHED_PERS\"},\"record_featured\":{\"notif\":\"2\",\"activ\":\"2\",\"karma1\":\"0\",\"karma2\":\"0\",\"msg\":\"EVENT_RECORD_FEATURED\",\"msg_pers\":\"EVENT_RECORD_FEATURED_PERS\"},\"record_extended\":{\"notif\":\"2\",\"activ\":\"2\",\"karma1\":\"0\",\"karma2\":\"0\",\"msg\":\"EVENT_RECORD_EXTENDED\",\"msg_pers\":\"EVENT_RECORD_EXTENDED_PERS\"},\"record_reposted\":{\"notif\":\"2\",\"activ\":\"2\",\"karma1\":\"0\",\"karma2\":\"0\",\"msg\":\"EVENT_RECORD_REPOSTED\",\"msg_pers\":\"EVENT_RECORD_REPOSTED_PERS\"},\"record_posted\":{\"notif\":\"2\",\"activ\":\"2\",\"karma1\":\"0\",\"msg\":\"EVENT_RECORD_POSTED\",\"msg_pers\":\"EVENT_RECORD_POSTED_PERS\"},\"comment_new\":{\"notif\":\"2\",\"activ\":\"2\",\"karma1\":\"0\",\"karma2\":\"0\",\"msg\":\"EVENT_COMMENT_NEW\",\"msg_pers\":\"EVENT_COMMENT_NEW_PERS\"},\"comment_edited\":{\"notif\":\"2\",\"activ\":\"2\",\"karma1\":\"0\",\"karma2\":\"0\",\"msg\":\"EVENT_COMMENT_EDITED\",\"msg_pers\":\"EVENT_COMMENT_EDITED_PERS\"},\"comment_rated\":{\"notif\":\"2\",\"activ\":\"2\",\"karma1\":\"0\",\"karma2\":\"0\",\"msg\":\"EVENT_COMMENT_RATED\",\"msg_pers\":\"EVENT_COMMENT_RATED_PERS\"},\"comment_deleted\":{\"notif\":\"2\",\"activ\":\"2\",\"karma1\":\"0\",\"karma2\":\"0\",\"msg\":\"EVENT_COMMENT_DELETED\",\"msg_pers\":\"EVENT_COMMENT_DELETED_PERS\"},\"comment_approved\":{\"notif\":\"2\",\"activ\":\"2\",\"karma1\":\"0\",\"karma2\":\"0\",\"msg\":\"EVENT_COMMENT_APPROVED\",\"msg_pers\":\"EVENT_COMMENT_APPROVED_PERS\"},\"comment_reply\":{\"notif\":\"2\",\"activ\":\"2\",\"karma1\":\"0\",\"karma2\":\"0\",\"msg\":\"EVENT_COMMENT_REPLY\",\"msg_pers\":\"EVENT_COMMENT_REPLY_PERS\"},\"comment_unpublished\":{\"notif\":\"2\",\"activ\":\"2\",\"karma1\":\"0\",\"karma2\":\"0\",\"msg\":\"EVENT_COMMENT_UNPUBLISHED\",\"msg_pers\":\"EVENT_COMMENT_UNPUBLISHED_PERS\"},\"status_changed\":{\"notif\":\"2\",\"activ\":\"2\",\"karma1\":\"0\",\"karma2\":\"0\",\"msg\":\"EVENT_STATUS_CHANGED\",\"msg_pers\":\"EVENT_STATUS_CHANGED_PERS\"},\"parent_new\":{\"notif\":\"2\",\"activ\":\"2\",\"karma1\":\"0\",\"karma2\":\"0\",\"msg\":\"EVENT_PARENT_NEW\",\"msg_pers\":\"EVENT_PARENT_NEW_PERS\"},\"child_new\":{\"notif\":\"2\",\"activ\":\"2\",\"karma1\":\"0\",\"karma2\":\"0\",\"msg\":\"EVENT_CHILD_NEW\",\"msg_pers\":\"EVENT_CHILD_NEW_PERS\"},\"parent_attached\":{\"notif\":\"2\",\"activ\":\"2\",\"karma1\":\"0\",\"karma2\":\"0\",\"msg\":\"EVENT_PARENT_ATTACHED\",\"msg_pers\":\"EVENT_PARENT_ATTACHED_PERS\"},\"child_attached\":{\"notif\":\"2\",\"activ\":\"2\",\"karma1\":\"0\",\"karma2\":\"0\",\"msg\":\"EVENT_CHILD_ATTACHED\",\"msg_pers\":\"EVENT_CHILD_ATTACHED_PERS\"},\"order_updated\":{\"notif\":\"2\",\"activ\":\"2\",\"karma1\":\"0\",\"karma2\":\"0\",\"msg\":\"EVENT_ORDER_UPDATED\",\"msg_pers\":\"EVENT_ORDER_UPDATED_PERS\"},\"new_sale\":{\"notif\":\"2\",\"activ\":\"2\",\"karma1\":\"0\",\"karma2\":\"0\",\"msg\":\"EVENT_NEW_SALE\",\"msg_pers\":\"EVENT_NEW_SALE_PERS\"},\"new_sale_manual\":{\"notif\":\"2\",\"activ\":\"2\",\"karma1\":\"0\",\"karma2\":\"0\",\"msg\":\"EVENT_NEW_SALE_MANUAL\",\"msg_pers\":\"EVENT_NEW_SALE_MANUAL_PERS\"}}}},\"checked_out\":\"0\",\"checked_out_time\":\"0000-00-00 00:00:00\",\"access\":\"1\",\"categories\":\"0\",\"language\":\"*\",\"descr_before\":\"\",\"descr_after\":null,\"descr_full\":\"\",\"link\":\"index.php?option=com_cobalt&view=records&section_id=1_catalog-dogs&Itemid=\"},\"by\":\"52\",\"on\":1526123929}","user_id":"49","ref_1":"2","ref_2":"1","ref_3":"0","ref_4":"0","ref_5":"0","html":"","num":"0","state_new":"0","eventer":"52"},"3":{"id":"3","option":"com_cobalt","type":"record_edited","ctime":"2018-05-23 08:24:38","notified":"0","alerted":"0","params":"{\"id\":\"3\",\"title\":\"Cristal family\",\"user_id\":\"52\",\"section_id\":\"5\",\"ctime\":\"2018-05-12 10:01:54\",\"extime\":\"0000-00-00 00:00:00\",\"mtime\":\"2018-05-23 08:24:38\",\"inittime\":\"2018-05-12 10:01:54\",\"ftime\":\"0000-00-00 00:00:00\",\"pubtime\":\"0000-00-00 00:00:00\",\"type_id\":\"5\",\"ip\":\"46.53.181.20\",\"categories\":\"[]\",\"version\":\"1\",\"newTags\":null,\"section\":{\"id\":\"5\",\"asset_id\":\"127\",\"name\":\"\\u041f\\u0438\\u0442\\u043e\\u043c\\u043d\\u0438\\u043a\\u0438\",\"title\":\"\",\"alias\":\"\\u043f\\u0438\\u0442\\u043e\\u043c\\u043d\\u0438\\u043a\\u0438\",\"description\":\"\",\"published\":\"1\",\"ordering\":\"1\",\"image\":\"\",\"image_position\":\"\",\"params\":{\"general\":{\"status\":\"1\",\"status_msg\":\"This section is currently offline. Please, check back later.\",\"category_itemid\":\"\",\"noaccess_redirect\":\"\",\"orderby\":\"r.ctime DESC\",\"lang_mode\":\"0\",\"records_mode\":\"0\",\"filter_mode\":\"1\",\"cat_mode\":\"1\",\"can_display\":\"\",\"featured_first\":\"0\",\"marknew\":\"0\",\"show_future_records\":\"3\",\"show_past_records\":\"3\",\"show_restrict\":\"1\",\"show_children\":\"0\",\"have_unpublished\":\"1\",\"item_label\":\"item\",\"section_home_items\":\"1\",\"section_home_orderby\":\"r.ctime DESC\",\"home_featured_first\":\"0\",\"type\":[\"5\"],\"record_submit_limit\":\"0\",\"tmpl_markup\":\"main_template.67449bded07880adbc37315e56ebf0ba\",\"tmpl_list\":[\"blog.7c68c75831195ac50933c288a3246a58\"],\"tmpl_category\":\"0\",\"tmpl_compare\":\"blog.234bdd56a921e24dbbd07edde5e676b4\",\"tmpl_list_default\":\"default\"},\"more\":{\"search_mode\":\"3\",\"search_title\":\"1\",\"search_name\":\"0\",\"search_email\":\"0\",\"search_comments\":\"0\",\"feed_link\":\"1\",\"feed_link2\":\"1\",\"records_mode\":\"0\",\"feed_limit\":\"50\",\"orderby_rss\":\"r.ctime DESC\",\"feed_link_type\":\"1\",\"metadesc\":\"\",\"metakey\":\"\",\"author\":\"\",\"robots\":\"\"},\"personalize\":{\"personalize\":\"1\",\"records_mode\":\"0\",\"author_mode\":\"username\",\"breadcrumbs\":\"1\",\"post_anywhere\":\"1\",\"home_text\":\"See all artilces\",\"text_icon\":\"home.png\",\"onlinestatus\":\"1\",\"vip\":\"0\",\"novip\":\"3\",\"glod_amount\":\"250\",\"vip_gold\":\"vipGold.png\",\"vip_silver\":\"vipSilver.png\",\"vip_gray\":\"vipGray.png\",\"pcat_submit\":\"0\",\"pcat_limit\":\"10\",\"pcat_descr_length\":\"200\",\"pcat_icon\":\"1\",\"pcat_meta\":\"2\",\"allow_section_set\":\"1\",\"allow_change_header\":\"1\",\"allow_change_descr\":\"1\",\"user_sec_descr_length\":\"200\",\"allow_access_control\":\"1\",\"allow_access_control_add\":\"1\"},\"events\":{\"subscribe_section\":0,\"subscribe_category\":0,\"subscribe_record\":\"2\",\"subscribe_user\":\"2\",\"alerts\":\"1\",\"user_manage\":\"1\",\"event_date_format\":\"\",\"event_date_custom\":\"d M Y\",\"event\":{\"record_new\":{\"notif\":\"2\",\"activ\":\"2\",\"karma1\":\"0\",\"msg\":\"EVENT_RECORD_NEW\",\"msg_pers\":\"EVENT_RECORD_NEW_PERS\"},\"record_view\":{\"notif\":\"2\",\"activ\":\"2\",\"karma1\":\"0\",\"karma2\":\"0\",\"msg\":\"EVENT_RECORD_VIEW\",\"msg_pers\":\"EVENT_RECORD_VIEW_PERS\"},\"record_wait_approve\":{\"notif\":\"2\",\"activ\":\"2\",\"msg\":\"EVENT_RECORD_WAIT_APPROVE\",\"msg_pers\":\"EVENT_RECORD_WAIT_APPROVE_PERS\"},\"record_approved\":{\"notif\":\"2\",\"activ\":\"2\",\"karma1\":\"0\",\"karma2\":\"0\",\"msg\":\"EVENT_RECORD_APPROVED\",\"msg_pers\":\"EVENT_RECORD_APPROVED_PERS\"},\"record_edited\":{\"notif\":\"2\",\"activ\":\"2\",\"karma1\":\"0\",\"karma2\":\"0\",\"msg\":\"EVENT_RECORD_EDITED\",\"msg_pers\":\"EVENT_RECORD_EDITED_PERS\"},\"record_deleted\":{\"notif\":\"2\",\"activ\":\"2\",\"karma1\":\"0\",\"karma2\":\"0\",\"msg\":\"EVENT_RECORD_DELETED\",\"msg_pers\":\"EVENT_RECORD_DELETED_PERS\"},\"record_rated\":{\"notif\":\"2\",\"activ\":\"2\",\"karma1\":\"0\",\"karma2\":\"0\",\"msg\":\"EVENT_RECORD_RATED\",\"msg_pers\":\"EVENT_RECORD_RATED_PERS\"},\"record_expired\":{\"notif\":\"2\",\"activ\":\"2\",\"karma2\":\"0\",\"msg\":\"EVENT_RECORD_EXPIRED\",\"msg_pers\":\"EVENT_RECORD_EXPIRED_PERS\"},\"record_featured_expired\":{\"notif\":\"2\",\"activ\":\"2\",\"karma2\":\"0\",\"msg\":\"EVENT_RECORD_FEATURED_EXPIRED\",\"msg_pers\":\"EVENT_RECORD_FEATURED_EXPIRED_PERS\"},\"record_bookmarked\":{\"notif\":\"2\",\"activ\":\"2\",\"karma1\":\"0\",\"karma2\":\"0\",\"msg\":\"EVENT_RECORD_BOOKMARKED\",\"msg_pers\":\"EVENT_RECORD_BOOKMARKED_PERS\"},\"record_tagged\":{\"notif\":\"2\",\"activ\":\"2\",\"karma1\":\"0\",\"karma2\":\"0\",\"msg\":\"EVENT_RECORD_TAGGED\",\"msg_pers\":\"EVENT_RECORD_TAGGED_PERS\"},\"record_unpublished\":{\"notif\":\"2\",\"activ\":\"2\",\"karma1\":\"0\",\"karma2\":\"0\",\"msg\":\"EVENT_RECORD_UNPUBLISHED\",\"msg_pers\":\"EVENT_RECORD_UNPUBLISHED_PERS\"},\"record_featured\":{\"notif\":\"2\",\"activ\":\"2\",\"karma1\":\"0\",\"karma2\":\"0\",\"msg\":\"EVENT_RECORD_FEATURED\",\"msg_pers\":\"EVENT_RECORD_FEATURED_PERS\"},\"record_extended\":{\"notif\":\"2\",\"activ\":\"2\",\"karma1\":\"0\",\"karma2\":\"0\",\"msg\":\"EVENT_RECORD_EXTENDED\",\"msg_pers\":\"EVENT_RECORD_EXTENDED_PERS\"},\"record_reposted\":{\"notif\":\"2\",\"activ\":\"2\",\"karma1\":\"0\",\"karma2\":\"0\",\"msg\":\"EVENT_RECORD_REPOSTED\",\"msg_pers\":\"EVENT_RECORD_REPOSTED_PERS\"},\"record_posted\":{\"notif\":\"2\",\"activ\":\"2\",\"karma1\":\"0\",\"msg\":\"EVENT_RECORD_POSTED\",\"msg_pers\":\"EVENT_RECORD_POSTED_PERS\"},\"comment_new\":{\"notif\":\"2\",\"activ\":\"2\",\"karma1\":\"0\",\"karma2\":\"0\",\"msg\":\"EVENT_COMMENT_NEW\",\"msg_pers\":\"EVENT_COMMENT_NEW_PERS\"},\"comment_edited\":{\"notif\":\"2\",\"activ\":\"2\",\"karma1\":\"0\",\"karma2\":\"0\",\"msg\":\"EVENT_COMMENT_EDITED\",\"msg_pers\":\"EVENT_COMMENT_EDITED_PERS\"},\"comment_rated\":{\"notif\":\"2\",\"activ\":\"2\",\"karma1\":\"0\",\"karma2\":\"0\",\"msg\":\"EVENT_COMMENT_RATED\",\"msg_pers\":\"EVENT_COMMENT_RATED_PERS\"},\"comment_deleted\":{\"notif\":\"2\",\"activ\":\"2\",\"karma1\":\"0\",\"karma2\":\"0\",\"msg\":\"EVENT_COMMENT_DELETED\",\"msg_pers\":\"EVENT_COMMENT_DELETED_PERS\"},\"comment_approved\":{\"notif\":\"2\",\"activ\":\"2\",\"karma1\":\"0\",\"karma2\":\"0\",\"msg\":\"EVENT_COMMENT_APPROVED\",\"msg_pers\":\"EVENT_COMMENT_APPROVED_PERS\"},\"comment_reply\":{\"notif\":\"2\",\"activ\":\"2\",\"karma1\":\"0\",\"karma2\":\"0\",\"msg\":\"EVENT_COMMENT_REPLY\",\"msg_pers\":\"EVENT_COMMENT_REPLY_PERS\"},\"comment_unpublished\":{\"notif\":\"2\",\"activ\":\"2\",\"karma1\":\"0\",\"karma2\":\"0\",\"msg\":\"EVENT_COMMENT_UNPUBLISHED\",\"msg_pers\":\"EVENT_COMMENT_UNPUBLISHED_PERS\"},\"status_changed\":{\"notif\":\"2\",\"activ\":\"2\",\"karma1\":\"0\",\"karma2\":\"0\",\"msg\":\"EVENT_STATUS_CHANGED\",\"msg_pers\":\"EVENT_STATUS_CHANGED_PERS\"},\"parent_new\":{\"notif\":\"2\",\"activ\":\"2\",\"karma1\":\"0\",\"karma2\":\"0\",\"msg\":\"EVENT_PARENT_NEW\",\"msg_pers\":\"EVENT_PARENT_NEW_PERS\"},\"child_new\":{\"notif\":\"2\",\"activ\":\"2\",\"karma1\":\"0\",\"karma2\":\"0\",\"msg\":\"EVENT_CHILD_NEW\",\"msg_pers\":\"EVENT_CHILD_NEW_PERS\"},\"parent_attached\":{\"notif\":\"2\",\"activ\":\"2\",\"karma1\":\"0\",\"karma2\":\"0\",\"msg\":\"EVENT_PARENT_ATTACHED\",\"msg_pers\":\"EVENT_PARENT_ATTACHED_PERS\"},\"child_attached\":{\"notif\":\"2\",\"activ\":\"2\",\"karma1\":\"0\",\"karma2\":\"0\",\"msg\":\"EVENT_CHILD_ATTACHED\",\"msg_pers\":\"EVENT_CHILD_ATTACHED_PERS\"},\"order_updated\":{\"notif\":\"2\",\"activ\":\"2\",\"karma1\":\"0\",\"karma2\":\"0\",\"msg\":\"EVENT_ORDER_UPDATED\",\"msg_pers\":\"EVENT_ORDER_UPDATED_PERS\"},\"new_sale\":{\"notif\":\"2\",\"activ\":\"2\",\"karma1\":\"0\",\"karma2\":\"0\",\"msg\":\"EVENT_NEW_SALE\",\"msg_pers\":\"EVENT_NEW_SALE_PERS\"},\"new_sale_manual\":{\"notif\":\"2\",\"activ\":\"2\",\"karma1\":\"0\",\"karma2\":\"0\",\"msg\":\"EVENT_NEW_SALE_MANUAL\",\"msg_pers\":\"EVENT_NEW_SALE_MANUAL_PERS\"}}}},\"checked_out\":\"0\",\"checked_out_time\":\"0000-00-00 00:00:00\",\"access\":\"1\",\"categories\":\"0\",\"language\":\"*\",\"descr_before\":\"\",\"descr_after\":null,\"descr_full\":\"\",\"link\":\"index.php?option=com_cobalt&view=records&section_id=5_\\u043f\\u0438\\u0442\\u043e\\u043c\\u043d\\u0438\\u043a\\u0438&Itemid=141\"},\"by\":\"52\",\"on\":1527063878}","user_id":"48","ref_1":"3","ref_2":"5","ref_3":"0","ref_4":"0","ref_5":"0","html":"","num":"0","state_new":"1","eventer":"52"},"4":{"id":"4","option":"com_cobalt","type":"record_reposted","ctime":"2018-05-24 09:20:04","notified":"1","alerted":"0","params":"{\"id\":\"3\",\"title\":\"Cristal family\",\"user_id\":\"52\",\"section_id\":\"5\",\"ctime\":\"2018-05-12 10:01:54\",\"extime\":\"0000-00-00 00:00:00\",\"mtime\":\"2018-05-24 06:46:35\",\"inittime\":\"2018-05-12 10:01:54\",\"ftime\":\"0000-00-00 00:00:00\",\"pubtime\":\"0000-00-00 00:00:00\",\"type_id\":\"5\",\"ip\":\"46.53.181.20\",\"categories\":\"[]\",\"version\":\"1\",\"newTags\":null,\"section\":{\"id\":\"5\",\"asset_id\":\"127\",\"name\":\"\\u041f\\u0438\\u0442\\u043e\\u043c\\u043d\\u0438\\u043a\\u0438\",\"title\":\"\",\"alias\":\"\\u043f\\u0438\\u0442\\u043e\\u043c\\u043d\\u0438\\u043a\\u0438\",\"description\":\"\",\"published\":\"1\",\"ordering\":\"2\",\"image\":\"\",\"image_position\":\"\",\"params\":{\"general\":{\"status\":\"1\",\"status_msg\":\"This section is currently offline. Please, check back later.\",\"category_itemid\":\"\",\"noaccess_redirect\":\"\",\"orderby\":\"r.ctime DESC\",\"lang_mode\":\"0\",\"records_mode\":\"0\",\"filter_mode\":\"1\",\"cat_mode\":\"1\",\"can_display\":\"\",\"featured_first\":\"0\",\"marknew\":\"0\",\"show_future_records\":\"3\",\"show_past_records\":\"3\",\"show_restrict\":\"1\",\"show_children\":\"0\",\"have_unpublished\":\"1\",\"item_label\":\"item\",\"section_home_items\":\"1\",\"section_home_orderby\":\"r.ctime DESC\",\"home_featured_first\":\"0\",\"type\":[\"5\"],\"record_submit_limit\":\"0\",\"tmpl_markup\":\"main_template.67449bded07880adbc37315e56ebf0ba\",\"tmpl_list\":[\"blog.7c68c75831195ac50933c288a3246a58\"],\"tmpl_category\":\"0\",\"tmpl_compare\":\"blog.234bdd56a921e24dbbd07edde5e676b4\",\"tmpl_list_default\":\"default\"},\"more\":{\"search_mode\":\"3\",\"search_title\":\"1\",\"search_name\":\"0\",\"search_email\":\"0\",\"search_comments\":\"0\",\"feed_link\":\"1\",\"feed_link2\":\"1\",\"records_mode\":\"0\",\"feed_limit\":\"50\",\"orderby_rss\":\"r.ctime DESC\",\"feed_link_type\":\"1\",\"metadesc\":\"\",\"metakey\":\"\",\"author\":\"\",\"robots\":\"\"},\"personalize\":{\"personalize\":\"1\",\"records_mode\":\"0\",\"author_mode\":\"username\",\"breadcrumbs\":\"1\",\"post_anywhere\":\"1\",\"home_text\":\"See all artilces\",\"text_icon\":\"home.png\",\"onlinestatus\":\"1\",\"vip\":\"0\",\"novip\":\"3\",\"glod_amount\":\"250\",\"vip_gold\":\"vipGold.png\",\"vip_silver\":\"vipSilver.png\",\"vip_gray\":\"vipGray.png\",\"pcat_submit\":\"0\",\"pcat_limit\":\"10\",\"pcat_descr_length\":\"200\",\"pcat_icon\":\"1\",\"pcat_meta\":\"2\",\"allow_section_set\":\"1\",\"allow_change_header\":\"1\",\"allow_change_descr\":\"1\",\"user_sec_descr_length\":\"200\",\"allow_access_control\":\"1\",\"allow_access_control_add\":\"1\"},\"events\":{\"subscribe_section\":0,\"subscribe_category\":0,\"subscribe_record\":\"2\",\"subscribe_user\":\"2\",\"alerts\":\"1\",\"user_manage\":\"1\",\"event_date_format\":\"\",\"event_date_custom\":\"d M Y\",\"event\":{\"record_new\":{\"notif\":\"2\",\"activ\":\"2\",\"karma1\":\"0\",\"msg\":\"EVENT_RECORD_NEW\",\"msg_pers\":\"EVENT_RECORD_NEW_PERS\"},\"record_view\":{\"notif\":\"2\",\"activ\":\"2\",\"karma1\":\"0\",\"karma2\":\"0\",\"msg\":\"EVENT_RECORD_VIEW\",\"msg_pers\":\"EVENT_RECORD_VIEW_PERS\"},\"record_wait_approve\":{\"notif\":\"2\",\"activ\":\"2\",\"msg\":\"EVENT_RECORD_WAIT_APPROVE\",\"msg_pers\":\"EVENT_RECORD_WAIT_APPROVE_PERS\"},\"record_approved\":{\"notif\":\"2\",\"activ\":\"2\",\"karma1\":\"0\",\"karma2\":\"0\",\"msg\":\"EVENT_RECORD_APPROVED\",\"msg_pers\":\"EVENT_RECORD_APPROVED_PERS\"},\"record_edited\":{\"notif\":\"2\",\"activ\":\"2\",\"karma1\":\"0\",\"karma2\":\"0\",\"msg\":\"EVENT_RECORD_EDITED\",\"msg_pers\":\"EVENT_RECORD_EDITED_PERS\"},\"record_deleted\":{\"notif\":\"2\",\"activ\":\"2\",\"karma1\":\"0\",\"karma2\":\"0\",\"msg\":\"EVENT_RECORD_DELETED\",\"msg_pers\":\"EVENT_RECORD_DELETED_PERS\"},\"record_rated\":{\"notif\":\"2\",\"activ\":\"2\",\"karma1\":\"0\",\"karma2\":\"0\",\"msg\":\"EVENT_RECORD_RATED\",\"msg_pers\":\"EVENT_RECORD_RATED_PERS\"},\"record_expired\":{\"notif\":\"2\",\"activ\":\"2\",\"karma2\":\"0\",\"msg\":\"EVENT_RECORD_EXPIRED\",\"msg_pers\":\"EVENT_RECORD_EXPIRED_PERS\"},\"record_featured_expired\":{\"notif\":\"2\",\"activ\":\"2\",\"karma2\":\"0\",\"msg\":\"EVENT_RECORD_FEATURED_EXPIRED\",\"msg_pers\":\"EVENT_RECORD_FEATURED_EXPIRED_PERS\"},\"record_bookmarked\":{\"notif\":\"2\",\"activ\":\"2\",\"karma1\":\"0\",\"karma2\":\"0\",\"msg\":\"EVENT_RECORD_BOOKMARKED\",\"msg_pers\":\"EVENT_RECORD_BOOKMARKED_PERS\"},\"record_tagged\":{\"notif\":\"2\",\"activ\":\"2\",\"karma1\":\"0\",\"karma2\":\"0\",\"msg\":\"EVENT_RECORD_TAGGED\",\"msg_pers\":\"EVENT_RECORD_TAGGED_PERS\"},\"record_unpublished\":{\"notif\":\"2\",\"activ\":\"2\",\"karma1\":\"0\",\"karma2\":\"0\",\"msg\":\"EVENT_RECORD_UNPUBLISHED\",\"msg_pers\":\"EVENT_RECORD_UNPUBLISHED_PERS\"},\"record_featured\":{\"notif\":\"2\",\"activ\":\"2\",\"karma1\":\"0\",\"karma2\":\"0\",\"msg\":\"EVENT_RECORD_FEATURED\",\"msg_pers\":\"EVENT_RECORD_FEATURED_PERS\"},\"record_extended\":{\"notif\":\"2\",\"activ\":\"2\",\"karma1\":\"0\",\"karma2\":\"0\",\"msg\":\"EVENT_RECORD_EXTENDED\",\"msg_pers\":\"EVENT_RECORD_EXTENDED_PERS\"},\"record_reposted\":{\"notif\":\"2\",\"activ\":\"2\",\"karma1\":\"0\",\"karma2\":\"0\",\"msg\":\"EVENT_RECORD_REPOSTED\",\"msg_pers\":\"EVENT_RECORD_REPOSTED_PERS\"},\"record_posted\":{\"notif\":\"2\",\"activ\":\"2\",\"karma1\":\"0\",\"msg\":\"EVENT_RECORD_POSTED\",\"msg_pers\":\"EVENT_RECORD_POSTED_PERS\"},\"comment_new\":{\"notif\":\"2\",\"activ\":\"2\",\"karma1\":\"0\",\"karma2\":\"0\",\"msg\":\"EVENT_COMMENT_NEW\",\"msg_pers\":\"EVENT_COMMENT_NEW_PERS\"},\"comment_edited\":{\"notif\":\"2\",\"activ\":\"2\",\"karma1\":\"0\",\"karma2\":\"0\",\"msg\":\"EVENT_COMMENT_EDITED\",\"msg_pers\":\"EVENT_COMMENT_EDITED_PERS\"},\"comment_rated\":{\"notif\":\"2\",\"activ\":\"2\",\"karma1\":\"0\",\"karma2\":\"0\",\"msg\":\"EVENT_COMMENT_RATED\",\"msg_pers\":\"EVENT_COMMENT_RATED_PERS\"},\"comment_deleted\":{\"notif\":\"2\",\"activ\":\"2\",\"karma1\":\"0\",\"karma2\":\"0\",\"msg\":\"EVENT_COMMENT_DELETED\",\"msg_pers\":\"EVENT_COMMENT_DELETED_PERS\"},\"comment_approved\":{\"notif\":\"2\",\"activ\":\"2\",\"karma1\":\"0\",\"karma2\":\"0\",\"msg\":\"EVENT_COMMENT_APPROVED\",\"msg_pers\":\"EVENT_COMMENT_APPROVED_PERS\"},\"comment_reply\":{\"notif\":\"2\",\"activ\":\"2\",\"karma1\":\"0\",\"karma2\":\"0\",\"msg\":\"EVENT_COMMENT_REPLY\",\"msg_pers\":\"EVENT_COMMENT_REPLY_PERS\"},\"comment_unpublished\":{\"notif\":\"2\",\"activ\":\"2\",\"karma1\":\"0\",\"karma2\":\"0\",\"msg\":\"EVENT_COMMENT_UNPUBLISHED\",\"msg_pers\":\"EVENT_COMMENT_UNPUBLISHED_PERS\"},\"status_changed\":{\"notif\":\"2\",\"activ\":\"2\",\"karma1\":\"0\",\"karma2\":\"0\",\"msg\":\"EVENT_STATUS_CHANGED\",\"msg_pers\":\"EVENT_STATUS_CHANGED_PERS\"},\"parent_new\":{\"notif\":\"2\",\"activ\":\"2\",\"karma1\":\"0\",\"karma2\":\"0\",\"msg\":\"EVENT_PARENT_NEW\",\"msg_pers\":\"EVENT_PARENT_NEW_PERS\"},\"child_new\":{\"notif\":\"2\",\"activ\":\"2\",\"karma1\":\"0\",\"karma2\":\"0\",\"msg\":\"EVENT_CHILD_NEW\",\"msg_pers\":\"EVENT_CHILD_NEW_PERS\"},\"parent_attached\":{\"notif\":\"2\",\"activ\":\"2\",\"karma1\":\"0\",\"karma2\":\"0\",\"msg\":\"EVENT_PARENT_ATTACHED\",\"msg_pers\":\"EVENT_PARENT_ATTACHED_PERS\"},\"child_attached\":{\"notif\":\"2\",\"activ\":\"2\",\"karma1\":\"0\",\"karma2\":\"0\",\"msg\":\"EVENT_CHILD_ATTACHED\",\"msg_pers\":\"EVENT_CHILD_ATTACHED_PERS\"},\"order_updated\":{\"notif\":\"2\",\"activ\":\"2\",\"karma1\":\"0\",\"karma2\":\"0\",\"msg\":\"EVENT_ORDER_UPDATED\",\"msg_pers\":\"EVENT_ORDER_UPDATED_PERS\"},\"new_sale\":{\"notif\":\"2\",\"activ\":\"2\",\"karma1\":\"0\",\"karma2\":\"0\",\"msg\":\"EVENT_NEW_SALE\",\"msg_pers\":\"EVENT_NEW_SALE_PERS\"},\"new_sale_manual\":{\"notif\":\"2\",\"activ\":\"2\",\"karma1\":\"0\",\"karma2\":\"0\",\"msg\":\"EVENT_NEW_SALE_MANUAL\",\"msg_pers\":\"EVENT_NEW_SALE_MANUAL_PERS\"}}}},\"checked_out\":\"0\",\"checked_out_time\":\"0000-00-00 00:00:00\",\"access\":\"1\",\"categories\":\"0\",\"language\":\"*\",\"descr_before\":\"\",\"descr_after\":null,\"descr_full\":\"\",\"link\":\"index.php?option=com_cobalt&view=records&section_id=5_\\u043f\\u0438\\u0442\\u043e\\u043c\\u043d\\u0438\\u043a\\u0438&Itemid=\"},\"by\":\"49\",\"on\":1527153604}","user_id":"52","ref_1":"3","ref_2":"5","ref_3":"0","ref_4":"0","ref_5":"0","html":"","num":"0","state_new":"0","eventer":"49"},"5":{"id":"5","option":"com_cobalt","type":"child_new","ctime":"2018-05-31 09:22:08","notified":"0","alerted":"0","params":"{\"id\":\"3\",\"title\":\"Cristal family\",\"user_id\":\"52\",\"section_id\":\"5\",\"ctime\":\"2018-05-12 10:01:54\",\"extime\":\"0000-00-00 00:00:00\",\"mtime\":\"2018-05-31 09:17:22\",\"inittime\":\"2018-05-12 10:01:54\",\"ftime\":\"0000-00-00 00:00:00\",\"pubtime\":\"0000-00-00 00:00:00\",\"type_id\":\"5\",\"ip\":\"46.53.181.20\",\"categories\":\"[]\",\"version\":\"1\",\"newTags\":null,\"added\":{\"id\":\"17\",\"title\":\"\\u041d\\u0430\\u0448 \\u043f\\u0438\\u0442\\u043e\\u043c\\u0435\\u0446 \\u043f\\u0440\\u0435\\u0442\\u0435\\u043d\\u0434\\u0443\\u0435\\u0442 \\u043d\\u0430 \\u0437\\u0432\\u0430\\u043d\\u0438\\u0435 \\u0433\\u0440\\u0430\\u043d\\u0434 \\u0447\\u0435\\u043c\\u043f\\u0438\\u043e\\u043d\\u0430 \\u0411\\u0435\\u043b\\u0430\\u0440\\u0443\\u0441\\u0438 !\",\"published\":\"1\",\"access\":\"1\",\"params\":\"\",\"user_id\":\"52\",\"section_id\":\"11\",\"checked_out\":\"0\",\"checked_out_time\":\"0000-00-00 00:00:00\",\"ctime\":\"2018-05-31 09:22:08\",\"extime\":\"0000-00-00 00:00:00\",\"mtime\":\"2018-05-31 09:22:08\",\"inittime\":\"2018-05-31 09:22:08\",\"ftime\":\"0000-00-00 00:00:00\",\"pubtime\":\"0000-00-00 00:00:00\",\"type_id\":\"11\",\"hits\":\"0\",\"ordering\":\"0\",\"meta_descr\":\"\",\"meta_key\":\"\",\"meta_index\":\"\",\"alias\":\"\\u043d\\u0430\\u0448-\\u043f\\u0438\\u0442\\u043e\\u043c\\u0435\\u0446-\\u043f\\u0440\\u0435\\u0442\\u0435\\u043d\\u0434\\u0443\\u0435\\u0442-\\u043d\\u0430-\\u0437\\u0432\\u0430\\u043d\\u0438\\u0435-\\u0433\\u0440\\u0430\\u043d\\u0434-\\u0447\\u0435\\u043c\\u043f\\u0438\\u043e\\u043d\\u0430-\\u0431\\u0435\\u043b\\u0430\\u0440\\u0443\\u0441\\u0438\",\"featured\":\"0\",\"archive\":\"0\",\"ucatid\":\"0\",\"ucatname\":null,\"langs\":\"ru-RU\",\"asset_id\":\"0\",\"ip\":\"127.0.0.1\",\"votes\":\"0\",\"favorite_num\":\"0\",\"hidden\":\"0\",\"votes_result\":\"0\",\"exalert\":\"0\",\"access_key\":\"b8e4ea2c74969a461158569365d7e095\",\"categories\":\"[]\",\"fieldsdata\":null,\"fields\":\"{\\\"130\\\":{\\\"image\\\":\\\"uploads\\\\\\\/image\\\\\\\/2018-05\\\\\\\/1527758528_f16cba54c2313dc18efe1da9b4e77289.jpg\\\",\\\"realname\\\":\\\"lotos.jpg\\\",\\\"filename\\\":\\\"1527758528_f16cba54c2313dc18efe1da9b4e77289.jpg\\\"},\\\"131\\\":\\\"<p>Arion Lotos - \\\\u041d\\\\u0430 \\\\u041c\\\\u041e\\\\u041d\\\\u041e\\\\u043f\\\\u043e\\\\u0440\\\\u043e\\\\u0434\\\\u043d\\\\u043e\\\\u0439 \\\\u0432\\\\u044b\\\\u0441\\\\u0442\\\\u0430\\\\u0432\\\\u043a\\\\u0435 12.10.14 - \\\\u041b\\\\u041a, \\\\u0421\\\\u0410\\\\u0421 !!!\\\\u041a\\\\u0430\\\\u043d\\\\u0434\\\\u0438\\\\u0434\\\\u0430\\\\u0442 \\\\u00a0\\\\u0432 \\\\u0433\\\\u0440\\\\u0430\\\\u043d\\\\u0434 \\\\u0447\\\\u0435\\\\u043c\\\\u043f\\\\u0438\\\\u043e\\\\u043d\\\\u044b \\\\u0411\\\\u0435\\\\u043b\\\\u0430\\\\u0440\\\\u0443\\\\u0441\\\\u0438 !<\\\\\\\/p>\\\",\\\"132\\\":\\\"3\\\"}\",\"comments\":\"0\",\"tags\":\"\",\"multirating\":null,\"subscriptions_num\":\"0\",\"version\":\"1\",\"parent_id\":\"0\",\"parent\":\"com_cobalt\",\"whorepost\":\"0\",\"repostedby\":\"[]\",\"newTags\":null},\"section\":{\"id\":\"5\",\"asset_id\":\"127\",\"name\":\"\\u041f\\u0438\\u0442\\u043e\\u043c\\u043d\\u0438\\u043a\\u0438\",\"title\":\"\",\"alias\":\"\\u043f\\u0438\\u0442\\u043e\\u043c\\u043d\\u0438\\u043a\\u0438\",\"description\":\"\",\"published\":\"1\",\"ordering\":\"7\",\"image\":\"\",\"image_position\":\"\",\"params\":{\"general\":{\"status\":\"1\",\"status_msg\":\"This section is currently offline. Please, check back later.\",\"category_itemid\":\"\",\"noaccess_redirect\":\"\",\"orderby\":\"r.ctime DESC\",\"lang_mode\":\"0\",\"records_mode\":\"0\",\"filter_mode\":\"1\",\"cat_mode\":\"1\",\"can_display\":\"\",\"featured_first\":\"0\",\"marknew\":\"0\",\"show_future_records\":\"3\",\"show_past_records\":\"3\",\"show_restrict\":\"1\",\"show_children\":\"0\",\"have_unpublished\":\"1\",\"item_label\":\"item\",\"section_home_items\":\"1\",\"section_home_orderby\":\"r.ctime DESC\",\"home_featured_first\":\"0\",\"type\":[\"5\"],\"record_submit_limit\":\"0\",\"tmpl_markup\":\"main_template.67449bded07880adbc37315e56ebf0ba\",\"tmpl_list\":[\"my_blog.7c68c75831195ac50933c288a3246a58\"],\"tmpl_category\":\"0\",\"tmpl_compare\":\"blog.234bdd56a921e24dbbd07edde5e676b4\",\"tmpl_list_default\":\"default\"},\"more\":{\"search_mode\":\"3\",\"search_title\":\"1\",\"search_name\":\"0\",\"search_email\":\"0\",\"search_comments\":\"0\",\"feed_link\":\"1\",\"feed_link2\":\"1\",\"records_mode\":\"0\",\"feed_limit\":\"50\",\"orderby_rss\":\"r.ctime DESC\",\"feed_link_type\":\"1\",\"metadesc\":\"\",\"metakey\":\"\",\"author\":\"\",\"robots\":\"\"},\"personalize\":{\"personalize\":\"1\",\"records_mode\":\"0\",\"author_mode\":\"username\",\"breadcrumbs\":\"1\",\"post_anywhere\":\"0\",\"home_text\":\"See all artilces\",\"text_icon\":\"home.png\",\"onlinestatus\":\"1\",\"vip\":\"0\",\"novip\":\"3\",\"glod_amount\":\"250\",\"vip_gold\":\"vipGold.png\",\"vip_silver\":\"vipSilver.png\",\"vip_gray\":\"vipGray.png\",\"pcat_submit\":\"0\",\"pcat_limit\":\"10\",\"pcat_descr_length\":\"200\",\"pcat_icon\":\"1\",\"pcat_meta\":\"2\",\"allow_section_set\":\"1\",\"allow_change_header\":\"1\",\"allow_change_descr\":\"1\",\"user_sec_descr_length\":\"200\",\"allow_access_control\":\"1\",\"allow_access_control_add\":\"1\"},\"events\":{\"subscribe_section\":0,\"subscribe_category\":0,\"subscribe_record\":\"2\",\"subscribe_user\":\"2\",\"alerts\":\"1\",\"user_manage\":\"1\",\"event_date_format\":\"\",\"event_date_custom\":\"d M Y\",\"event\":{\"record_new\":{\"notif\":\"2\",\"activ\":\"2\",\"karma1\":\"0\",\"msg\":\"EVENT_RECORD_NEW\",\"msg_pers\":\"EVENT_RECORD_NEW_PERS\"},\"record_view\":{\"notif\":\"2\",\"activ\":\"2\",\"karma1\":\"0\",\"karma2\":\"0\",\"msg\":\"EVENT_RECORD_VIEW\",\"msg_pers\":\"EVENT_RECORD_VIEW_PERS\"},\"record_wait_approve\":{\"notif\":\"2\",\"activ\":\"2\",\"msg\":\"EVENT_RECORD_WAIT_APPROVE\",\"msg_pers\":\"EVENT_RECORD_WAIT_APPROVE_PERS\"},\"record_approved\":{\"notif\":\"2\",\"activ\":\"2\",\"karma1\":\"0\",\"karma2\":\"0\",\"msg\":\"EVENT_RECORD_APPROVED\",\"msg_pers\":\"EVENT_RECORD_APPROVED_PERS\"},\"record_edited\":{\"notif\":\"2\",\"activ\":\"2\",\"karma1\":\"0\",\"karma2\":\"0\",\"msg\":\"EVENT_RECORD_EDITED\",\"msg_pers\":\"EVENT_RECORD_EDITED_PERS\"},\"record_deleted\":{\"notif\":\"2\",\"activ\":\"2\",\"karma1\":\"0\",\"karma2\":\"0\",\"msg\":\"EVENT_RECORD_DELETED\",\"msg_pers\":\"EVENT_RECORD_DELETED_PERS\"},\"record_rated\":{\"notif\":\"2\",\"activ\":\"2\",\"karma1\":\"0\",\"karma2\":\"0\",\"msg\":\"EVENT_RECORD_RATED\",\"msg_pers\":\"EVENT_RECORD_RATED_PERS\"},\"record_expired\":{\"notif\":\"2\",\"activ\":\"2\",\"karma2\":\"0\",\"msg\":\"EVENT_RECORD_EXPIRED\",\"msg_pers\":\"EVENT_RECORD_EXPIRED_PERS\"},\"record_featured_expired\":{\"notif\":\"2\",\"activ\":\"2\",\"karma2\":\"0\",\"msg\":\"EVENT_RECORD_FEATURED_EXPIRED\",\"msg_pers\":\"EVENT_RECORD_FEATURED_EXPIRED_PERS\"},\"record_bookmarked\":{\"notif\":\"2\",\"activ\":\"2\",\"karma1\":\"0\",\"karma2\":\"0\",\"msg\":\"EVENT_RECORD_BOOKMARKED\",\"msg_pers\":\"EVENT_RECORD_BOOKMARKED_PERS\"},\"record_tagged\":{\"notif\":\"2\",\"activ\":\"2\",\"karma1\":\"0\",\"karma2\":\"0\",\"msg\":\"EVENT_RECORD_TAGGED\",\"msg_pers\":\"EVENT_RECORD_TAGGED_PERS\"},\"record_unpublished\":{\"notif\":\"2\",\"activ\":\"2\",\"karma1\":\"0\",\"karma2\":\"0\",\"msg\":\"EVENT_RECORD_UNPUBLISHED\",\"msg_pers\":\"EVENT_RECORD_UNPUBLISHED_PERS\"},\"record_featured\":{\"notif\":\"2\",\"activ\":\"2\",\"karma1\":\"0\",\"karma2\":\"0\",\"msg\":\"EVENT_RECORD_FEATURED\",\"msg_pers\":\"EVENT_RECORD_FEATURED_PERS\"},\"record_extended\":{\"notif\":\"2\",\"activ\":\"2\",\"karma1\":\"0\",\"karma2\":\"0\",\"msg\":\"EVENT_RECORD_EXTENDED\",\"msg_pers\":\"EVENT_RECORD_EXTENDED_PERS\"},\"record_reposted\":{\"notif\":\"2\",\"activ\":\"2\",\"karma1\":\"0\",\"karma2\":\"0\",\"msg\":\"EVENT_RECORD_REPOSTED\",\"msg_pers\":\"EVENT_RECORD_REPOSTED_PERS\"},\"record_posted\":{\"notif\":\"2\",\"activ\":\"2\",\"karma1\":\"0\",\"msg\":\"EVENT_RECORD_POSTED\",\"msg_pers\":\"EVENT_RECORD_POSTED_PERS\"},\"comment_new\":{\"notif\":\"2\",\"activ\":\"2\",\"karma1\":\"0\",\"karma2\":\"0\",\"msg\":\"EVENT_COMMENT_NEW\",\"msg_pers\":\"EVENT_COMMENT_NEW_PERS\"},\"comment_edited\":{\"notif\":\"2\",\"activ\":\"2\",\"karma1\":\"0\",\"karma2\":\"0\",\"msg\":\"EVENT_COMMENT_EDITED\",\"msg_pers\":\"EVENT_COMMENT_EDITED_PERS\"},\"comment_rated\":{\"notif\":\"2\",\"activ\":\"2\",\"karma1\":\"0\",\"karma2\":\"0\",\"msg\":\"EVENT_COMMENT_RATED\",\"msg_pers\":\"EVENT_COMMENT_RATED_PERS\"},\"comment_deleted\":{\"notif\":\"2\",\"activ\":\"2\",\"karma1\":\"0\",\"karma2\":\"0\",\"msg\":\"EVENT_COMMENT_DELETED\",\"msg_pers\":\"EVENT_COMMENT_DELETED_PERS\"},\"comment_approved\":{\"notif\":\"2\",\"activ\":\"2\",\"karma1\":\"0\",\"karma2\":\"0\",\"msg\":\"EVENT_COMMENT_APPROVED\",\"msg_pers\":\"EVENT_COMMENT_APPROVED_PERS\"},\"comment_reply\":{\"notif\":\"2\",\"activ\":\"2\",\"karma1\":\"0\",\"karma2\":\"0\",\"msg\":\"EVENT_COMMENT_REPLY\",\"msg_pers\":\"EVENT_COMMENT_REPLY_PERS\"},\"comment_unpublished\":{\"notif\":\"2\",\"activ\":\"2\",\"karma1\":\"0\",\"karma2\":\"0\",\"msg\":\"EVENT_COMMENT_UNPUBLISHED\",\"msg_pers\":\"EVENT_COMMENT_UNPUBLISHED_PERS\"},\"status_changed\":{\"notif\":\"2\",\"activ\":\"2\",\"karma1\":\"0\",\"karma2\":\"0\",\"msg\":\"EVENT_STATUS_CHANGED\",\"msg_pers\":\"EVENT_STATUS_CHANGED_PERS\"},\"parent_new\":{\"notif\":\"2\",\"activ\":\"2\",\"karma1\":\"0\",\"karma2\":\"0\",\"msg\":\"EVENT_PARENT_NEW\",\"msg_pers\":\"EVENT_PARENT_NEW_PERS\"},\"child_new\":{\"notif\":\"2\",\"activ\":\"2\",\"karma1\":\"0\",\"karma2\":\"0\",\"msg\":\"EVENT_CHILD_NEW\",\"msg_pers\":\"EVENT_CHILD_NEW_PERS\"},\"parent_attached\":{\"notif\":\"2\",\"activ\":\"2\",\"karma1\":\"0\",\"karma2\":\"0\",\"msg\":\"EVENT_PARENT_ATTACHED\",\"msg_pers\":\"EVENT_PARENT_ATTACHED_PERS\"},\"child_attached\":{\"notif\":\"2\",\"activ\":\"2\",\"karma1\":\"0\",\"karma2\":\"0\",\"msg\":\"EVENT_CHILD_ATTACHED\",\"msg_pers\":\"EVENT_CHILD_ATTACHED_PERS\"},\"order_updated\":{\"notif\":\"2\",\"activ\":\"2\",\"karma1\":\"0\",\"karma2\":\"0\",\"msg\":\"EVENT_ORDER_UPDATED\",\"msg_pers\":\"EVENT_ORDER_UPDATED_PERS\"},\"new_sale\":{\"notif\":\"2\",\"activ\":\"2\",\"karma1\":\"0\",\"karma2\":\"0\",\"msg\":\"EVENT_NEW_SALE\",\"msg_pers\":\"EVENT_NEW_SALE_PERS\"},\"new_sale_manual\":{\"notif\":\"2\",\"activ\":\"2\",\"karma1\":\"0\",\"karma2\":\"0\",\"msg\":\"EVENT_NEW_SALE_MANUAL\",\"msg_pers\":\"EVENT_NEW_SALE_MANUAL_PERS\"}}}},\"checked_out\":\"0\",\"checked_out_time\":\"0000-00-00 00:00:00\",\"access\":\"1\",\"categories\":\"0\",\"language\":\"*\",\"descr_before\":\"\",\"descr_after\":null,\"descr_full\":\"\",\"link\":\"index.php?option=com_cobalt&view=records&section_id=5_\\u043f\\u0438\\u0442\\u043e\\u043c\\u043d\\u0438\\u043a\\u0438&Itemid=0\"},\"by\":\"52\",\"on\":1527758528}","user_id":"48","ref_1":"3","ref_2":"5","ref_3":"0","ref_4":"0","ref_5":"132","html":"","num":"0","state_new":"1","eventer":"52"}}