{"id":"1","name":"my_pack","description":"","key":"pack33ee59","addkey":"0","add_files":"","ctime":"2018-05-10 10:00:12","mtime":"2018-09-03 14:23:54","btime":"0000-00-00 00:00:00","version":"0","checked_out":"0","checked_out_time":"0000-00-00 00:00:00","users":"0","user_id":"0","author_name":"Dmitry Zatulenko","author_email":"","author_url":"","demo":"1","copyright":"\u00a9 2012 - My company. All rights reserved.","sections":{"1":{"id":"1","pack_id":"1","section_id":"1","params":"{\"markup\":\"1\",\"list\":\"1\",\"cat_index\":\"1\",\"compare\":\"1\",\"types\":{\"1\":{\"article\":\"1\",\"articleform\":\"1\",\"rating\":\"1\",\"comment\":\"1\",\"categoryselect\":\"1\",\"copy_content\":\"1\",\"copy_field_record_templates\":\"0\"}}}"},"4":{"id":"2","pack_id":"1","section_id":"4","params":"{\"markup\":\"1\",\"list\":\"1\",\"cat_index\":\"1\",\"compare\":\"1\",\"types\":{\"4\":{\"article\":\"1\",\"articleform\":\"1\",\"rating\":\"1\",\"comment\":\"1\",\"categoryselect\":\"1\",\"copy_content\":\"1\",\"copy_field_record_templates\":\"0\"}}}"},"5":{"id":"3","pack_id":"1","section_id":"5","params":"{\"markup\":\"1\",\"list\":\"1\",\"cat_index\":\"1\",\"compare\":\"1\",\"types\":{\"5\":{\"article\":\"1\",\"articleform\":\"1\",\"rating\":\"1\",\"comment\":\"1\",\"categoryselect\":\"1\",\"copy_content\":\"1\",\"copy_field_record_templates\":\"0\"}}}"},"3":{"id":"4","pack_id":"1","section_id":"3","params":"{\"markup\":\"1\",\"list\":\"1\",\"cat_index\":\"1\",\"compare\":\"1\",\"types\":{\"3\":{\"article\":\"1\",\"articleform\":\"1\",\"rating\":\"1\",\"comment\":\"1\",\"categoryselect\":\"1\",\"copy_content\":\"1\",\"copy_field_record_templates\":\"0\"}}}"},"2":{"id":"5","pack_id":"1","section_id":"2","params":"{\"markup\":\"1\",\"list\":\"1\",\"cat_index\":\"1\",\"compare\":\"1\",\"types\":{\"2\":{\"article\":\"1\",\"articleform\":\"1\",\"rating\":\"1\",\"comment\":\"1\",\"categoryselect\":\"1\",\"copy_content\":\"1\",\"copy_field_record_templates\":\"0\"}}}"},"6":{"id":"6","pack_id":"1","section_id":"6","params":"{\"markup\":\"1\",\"list\":\"1\",\"cat_index\":\"1\",\"compare\":\"1\",\"types\":{\"6\":{\"article\":\"1\",\"articleform\":\"1\",\"rating\":\"1\",\"comment\":\"1\",\"categoryselect\":\"1\",\"copy_content\":\"1\",\"copy_field_record_templates\":\"0\"}}}"},"11":{"id":"7","pack_id":"1","section_id":"11","params":"{\"markup\":\"1\",\"list\":\"1\",\"cat_index\":\"1\",\"compare\":\"1\",\"types\":{\"11\":{\"article\":\"1\",\"articleform\":\"1\",\"rating\":\"1\",\"comment\":\"1\",\"categoryselect\":\"1\",\"copy_content\":\"1\",\"copy_field_record_templates\":\"0\"}}}"},"8":{"id":"8","pack_id":"1","section_id":"8","params":"{\"markup\":\"1\",\"list\":\"1\",\"cat_index\":\"1\",\"compare\":\"1\",\"types\":{\"8\":{\"article\":\"1\",\"articleform\":\"1\",\"rating\":\"1\",\"comment\":\"1\",\"categoryselect\":\"1\",\"copy_content\":\"1\",\"copy_field_record_templates\":\"0\"}}}"},"9":{"id":"11","pack_id":"1","section_id":"9","params":"{\"markup\":\"1\",\"list\":\"1\",\"cat_index\":\"1\",\"compare\":\"1\",\"types\":{\"9\":{\"article\":\"1\",\"articleform\":\"1\",\"rating\":\"1\",\"comment\":\"1\",\"categoryselect\":\"1\",\"copy_content\":\"1\",\"copy_field_record_templates\":\"0\"}}}"}}}