{"1":{"id":"1","asset_id":"72","name":"\u041a\u0430\u0442\u0430\u043b\u043e\u0433 \u0441\u043e\u0431\u0430\u043a","title":"\u041a\u0430\u0442\u0430\u043b\u043e\u0433 \u0441\u043e\u0431\u0430\u043a","alias":"catalog-dogs","description":"","published":"1","ordering":"11","image":"","image_position":"","params":"{\"general\":{\"status\":\"1\",\"status_msg\":\"This section is currently offline. Please, check back later.\",\"category_itemid\":\"\",\"noaccess_redirect\":\"\",\"orderby\":\"r.ctime DESC\",\"lang_mode\":\"0\",\"records_mode\":\"0\",\"filter_mode\":\"1\",\"cat_mode\":\"1\",\"can_display\":\"\",\"featured_first\":\"0\",\"marknew\":\"0\",\"show_future_records\":\"3\",\"show_past_records\":\"3\",\"show_restrict\":\"1\",\"show_children\":\"0\",\"have_unpublished\":\"1\",\"item_label\":\"item\",\"section_home_items\":\"1\",\"section_home_orderby\":\"r.ctime DESC\",\"home_featured_first\":\"0\",\"type\":[\"1\"],\"record_submit_limit\":\"0\",\"tmpl_markup\":\"main_template.8d736f1906195cc4f0ad9867db5622d6\",\"tmpl_list\":[\"my_blog.9a9b7ca6432a6cc9dff44a6a25f1691a\"],\"tmpl_category\":\"0\",\"tmpl_compare\":\"blog.4933feaa7ba3a6c601b707236e0cd269\",\"tmpl_list_default\":\"default\"},\"more\":{\"search_mode\":\"3\",\"search_title\":\"1\",\"search_name\":\"0\",\"search_email\":\"0\",\"search_comments\":\"0\",\"feed_link\":\"1\",\"feed_link2\":\"1\",\"records_mode\":\"0\",\"feed_limit\":\"50\",\"orderby_rss\":\"r.ctime DESC\",\"feed_link_type\":\"1\",\"metadesc\":\"\",\"metakey\":\"\",\"author\":\"\",\"robots\":\"\"},\"personalize\":{\"personalize\":\"1\",\"records_mode\":\"0\",\"author_mode\":\"username\",\"breadcrumbs\":\"1\",\"post_anywhere\":\"0\",\"home_text\":\"\\u0421\\u043c\\u043e\\u0442\\u0440\\u0435\\u0442\\u044c \\u0432\\u0441\\u0435\\u0445 \\u0441\\u043e\\u0431\\u0430\\u043a\",\"text_icon\":\"home.png\",\"onlinestatus\":\"1\",\"vip\":\"0\",\"novip\":\"3\",\"glod_amount\":\"250\",\"vip_gold\":\"vipGold.png\",\"vip_silver\":\"vipSilver.png\",\"vip_gray\":\"vipGray.png\",\"pcat_submit\":\"0\",\"pcat_limit\":\"10\",\"pcat_descr_length\":\"200\",\"pcat_icon\":\"1\",\"pcat_meta\":\"2\",\"allow_section_set\":\"1\",\"allow_change_header\":\"1\",\"allow_change_descr\":\"1\",\"user_sec_descr_length\":\"200\",\"allow_access_control\":\"1\",\"allow_access_control_add\":\"1\"},\"events\":{\"subscribe_section\":0,\"subscribe_category\":0,\"subscribe_record\":\"2\",\"subscribe_user\":\"2\",\"alerts\":\"1\",\"user_manage\":\"1\",\"event_date_format\":\"\",\"event_date_custom\":\"d M Y\",\"event\":{\"record_new\":{\"notif\":\"2\",\"activ\":\"2\",\"karma1\":\"0\",\"msg\":\"EVENT_RECORD_NEW\",\"msg_pers\":\"EVENT_RECORD_NEW_PERS\"},\"record_view\":{\"notif\":\"2\",\"activ\":\"2\",\"karma1\":\"0\",\"karma2\":\"0\",\"msg\":\"EVENT_RECORD_VIEW\",\"msg_pers\":\"EVENT_RECORD_VIEW_PERS\"},\"record_wait_approve\":{\"notif\":\"2\",\"activ\":\"2\",\"msg\":\"EVENT_RECORD_WAIT_APPROVE\",\"msg_pers\":\"EVENT_RECORD_WAIT_APPROVE_PERS\"},\"record_approved\":{\"notif\":\"2\",\"activ\":\"2\",\"karma1\":\"0\",\"karma2\":\"0\",\"msg\":\"EVENT_RECORD_APPROVED\",\"msg_pers\":\"EVENT_RECORD_APPROVED_PERS\"},\"record_edited\":{\"notif\":\"2\",\"activ\":\"2\",\"karma1\":\"0\",\"karma2\":\"0\",\"msg\":\"EVENT_RECORD_EDITED\",\"msg_pers\":\"EVENT_RECORD_EDITED_PERS\"},\"record_deleted\":{\"notif\":\"2\",\"activ\":\"2\",\"karma1\":\"0\",\"karma2\":\"0\",\"msg\":\"EVENT_RECORD_DELETED\",\"msg_pers\":\"EVENT_RECORD_DELETED_PERS\"},\"record_rated\":{\"notif\":\"2\",\"activ\":\"2\",\"karma1\":\"0\",\"karma2\":\"0\",\"msg\":\"EVENT_RECORD_RATED\",\"msg_pers\":\"EVENT_RECORD_RATED_PERS\"},\"record_expired\":{\"notif\":\"2\",\"activ\":\"2\",\"karma2\":\"0\",\"msg\":\"EVENT_RECORD_EXPIRED\",\"msg_pers\":\"EVENT_RECORD_EXPIRED_PERS\"},\"record_featured_expired\":{\"notif\":\"2\",\"activ\":\"2\",\"karma2\":\"0\",\"msg\":\"EVENT_RECORD_FEATURED_EXPIRED\",\"msg_pers\":\"EVENT_RECORD_FEATURED_EXPIRED_PERS\"},\"record_bookmarked\":{\"notif\":\"2\",\"activ\":\"2\",\"karma1\":\"0\",\"karma2\":\"0\",\"msg\":\"EVENT_RECORD_BOOKMARKED\",\"msg_pers\":\"EVENT_RECORD_BOOKMARKED_PERS\"},\"record_tagged\":{\"notif\":\"2\",\"activ\":\"2\",\"karma1\":\"0\",\"karma2\":\"0\",\"msg\":\"EVENT_RECORD_TAGGED\",\"msg_pers\":\"EVENT_RECORD_TAGGED_PERS\"},\"record_unpublished\":{\"notif\":\"2\",\"activ\":\"2\",\"karma1\":\"0\",\"karma2\":\"0\",\"msg\":\"EVENT_RECORD_UNPUBLISHED\",\"msg_pers\":\"EVENT_RECORD_UNPUBLISHED_PERS\"},\"record_featured\":{\"notif\":\"2\",\"activ\":\"2\",\"karma1\":\"0\",\"karma2\":\"0\",\"msg\":\"EVENT_RECORD_FEATURED\",\"msg_pers\":\"EVENT_RECORD_FEATURED_PERS\"},\"record_extended\":{\"notif\":\"2\",\"activ\":\"2\",\"karma1\":\"0\",\"karma2\":\"0\",\"msg\":\"EVENT_RECORD_EXTENDED\",\"msg_pers\":\"EVENT_RECORD_EXTENDED_PERS\"},\"record_reposted\":{\"notif\":\"2\",\"activ\":\"2\",\"karma1\":\"0\",\"karma2\":\"0\",\"msg\":\"EVENT_RECORD_REPOSTED\",\"msg_pers\":\"EVENT_RECORD_REPOSTED_PERS\"},\"record_posted\":{\"notif\":\"2\",\"activ\":\"2\",\"karma1\":\"0\",\"msg\":\"EVENT_RECORD_POSTED\",\"msg_pers\":\"EVENT_RECORD_POSTED_PERS\"},\"comment_new\":{\"notif\":\"2\",\"activ\":\"2\",\"karma1\":\"0\",\"karma2\":\"0\",\"msg\":\"EVENT_COMMENT_NEW\",\"msg_pers\":\"EVENT_COMMENT_NEW_PERS\"},\"comment_edited\":{\"notif\":\"2\",\"activ\":\"2\",\"karma1\":\"0\",\"karma2\":\"0\",\"msg\":\"EVENT_COMMENT_EDITED\",\"msg_pers\":\"EVENT_COMMENT_EDITED_PERS\"},\"comment_rated\":{\"notif\":\"2\",\"activ\":\"2\",\"karma1\":\"0\",\"karma2\":\"0\",\"msg\":\"EVENT_COMMENT_RATED\",\"msg_pers\":\"EVENT_COMMENT_RATED_PERS\"},\"comment_deleted\":{\"notif\":\"2\",\"activ\":\"2\",\"karma1\":\"0\",\"karma2\":\"0\",\"msg\":\"EVENT_COMMENT_DELETED\",\"msg_pers\":\"EVENT_COMMENT_DELETED_PERS\"},\"comment_approved\":{\"notif\":\"2\",\"activ\":\"2\",\"karma1\":\"0\",\"karma2\":\"0\",\"msg\":\"EVENT_COMMENT_APPROVED\",\"msg_pers\":\"EVENT_COMMENT_APPROVED_PERS\"},\"comment_reply\":{\"notif\":\"2\",\"activ\":\"2\",\"karma1\":\"0\",\"karma2\":\"0\",\"msg\":\"EVENT_COMMENT_REPLY\",\"msg_pers\":\"EVENT_COMMENT_REPLY_PERS\"},\"comment_unpublished\":{\"notif\":\"2\",\"activ\":\"2\",\"karma1\":\"0\",\"karma2\":\"0\",\"msg\":\"EVENT_COMMENT_UNPUBLISHED\",\"msg_pers\":\"EVENT_COMMENT_UNPUBLISHED_PERS\"},\"status_changed\":{\"notif\":\"2\",\"activ\":\"2\",\"karma1\":\"0\",\"karma2\":\"0\",\"msg\":\"EVENT_STATUS_CHANGED\",\"msg_pers\":\"EVENT_STATUS_CHANGED_PERS\"},\"parent_new\":{\"notif\":\"2\",\"activ\":\"2\",\"karma1\":\"0\",\"karma2\":\"0\",\"msg\":\"EVENT_PARENT_NEW\",\"msg_pers\":\"EVENT_PARENT_NEW_PERS\"},\"child_new\":{\"notif\":\"2\",\"activ\":\"2\",\"karma1\":\"0\",\"karma2\":\"0\",\"msg\":\"EVENT_CHILD_NEW\",\"msg_pers\":\"EVENT_CHILD_NEW_PERS\"},\"parent_attached\":{\"notif\":\"2\",\"activ\":\"2\",\"karma1\":\"0\",\"karma2\":\"0\",\"msg\":\"EVENT_PARENT_ATTACHED\",\"msg_pers\":\"EVENT_PARENT_ATTACHED_PERS\"},\"child_attached\":{\"notif\":\"2\",\"activ\":\"2\",\"karma1\":\"0\",\"karma2\":\"0\",\"msg\":\"EVENT_CHILD_ATTACHED\",\"msg_pers\":\"EVENT_CHILD_ATTACHED_PERS\"},\"order_updated\":{\"notif\":\"2\",\"activ\":\"2\",\"karma1\":\"0\",\"karma2\":\"0\",\"msg\":\"EVENT_ORDER_UPDATED\",\"msg_pers\":\"EVENT_ORDER_UPDATED_PERS\"},\"new_sale\":{\"notif\":\"2\",\"activ\":\"2\",\"karma1\":\"0\",\"karma2\":\"0\",\"msg\":\"EVENT_NEW_SALE\",\"msg_pers\":\"EVENT_NEW_SALE_PERS\"},\"new_sale_manual\":{\"notif\":\"2\",\"activ\":\"2\",\"karma1\":\"0\",\"karma2\":\"0\",\"msg\":\"EVENT_NEW_SALE_MANUAL\",\"msg_pers\":\"EVENT_NEW_SALE_MANUAL_PERS\"}}}}","checked_out":"0","checked_out_time":"0000-00-00 00:00:00","access":"1","categories":"0","language":"*","descr_before":"","descr_after":null,"descr_full":"","link":"index.php?option=com_cobalt&view=records&section_id=1_catalog-dogs&Itemid="},"4":{"id":"4","asset_id":"75","name":"\u041f\u043e\u0440\u043e\u0434\u044b \u0441\u043e\u0431\u0430\u043a","title":"\u041f\u043e\u0440\u043e\u0434\u044b \u0441\u043e\u0431\u0430\u043a","alias":"breeds-dogs","description":"","published":"1","ordering":"8","image":"","image_position":"","params":"{\"general\":{\"status\":\"1\",\"status_msg\":\"This section is currently offline. Please, check back later.\",\"category_itemid\":\"\",\"noaccess_redirect\":\"\",\"orderby\":\"r.ctime DESC\",\"lang_mode\":\"0\",\"records_mode\":\"0\",\"filter_mode\":\"1\",\"cat_mode\":\"1\",\"can_display\":\"\",\"featured_first\":\"0\",\"marknew\":\"0\",\"show_future_records\":\"3\",\"show_past_records\":\"3\",\"show_restrict\":\"1\",\"show_children\":\"0\",\"have_unpublished\":\"1\",\"item_label\":\"item\",\"section_home_items\":\"1\",\"section_home_orderby\":\"r.title ASC\",\"home_featured_first\":\"0\",\"type\":[\"4\"],\"record_submit_limit\":\"0\",\"tmpl_markup\":\"main_template.820fa62fb201fcdead230f210039cb61\",\"tmpl_list\":[\"fields_full_article.490b0ddb7935ca48bb912420a4a38efb\"],\"tmpl_category\":\"0\",\"tmpl_compare\":\"blog.662a1b7881c18c1bca75914730b9ea1c\",\"tmpl_list_default\":\"default\"},\"more\":{\"search_mode\":\"3\",\"search_title\":\"1\",\"search_name\":\"0\",\"search_email\":\"0\",\"search_comments\":\"0\",\"feed_link\":\"1\",\"feed_link2\":\"1\",\"records_mode\":\"0\",\"feed_limit\":\"50\",\"orderby_rss\":\"r.ctime DESC\",\"feed_link_type\":\"1\",\"metadesc\":\"\",\"metakey\":\"\",\"author\":\"\",\"robots\":\"\"},\"personalize\":{\"personalize\":\"0\",\"records_mode\":\"0\",\"author_mode\":\"username\",\"breadcrumbs\":\"1\",\"post_anywhere\":\"0\",\"home_text\":\"See all artilces\",\"text_icon\":\"home.png\",\"onlinestatus\":\"1\",\"vip\":\"0\",\"novip\":\"3\",\"glod_amount\":\"250\",\"vip_gold\":\"vipGold.png\",\"vip_silver\":\"vipSilver.png\",\"vip_gray\":\"vipGray.png\",\"pcat_submit\":\"0\",\"pcat_limit\":\"10\",\"pcat_descr_length\":\"200\",\"pcat_icon\":\"1\",\"pcat_meta\":\"2\",\"allow_section_set\":\"1\",\"allow_change_header\":\"1\",\"allow_change_descr\":\"1\",\"user_sec_descr_length\":\"200\",\"allow_access_control\":\"1\",\"allow_access_control_add\":\"1\"},\"events\":{\"subscribe_section\":\"2\",\"subscribe_category\":0,\"subscribe_record\":\"2\",\"subscribe_user\":\"2\",\"alerts\":\"1\",\"user_manage\":\"1\",\"event_date_format\":\"\",\"event_date_custom\":\"d M Y\",\"event\":{\"record_new\":{\"notif\":\"2\",\"activ\":\"2\",\"karma1\":\"0\",\"msg\":\"EVENT_RECORD_NEW\",\"msg_pers\":\"EVENT_RECORD_NEW_PERS\"},\"record_view\":{\"notif\":\"2\",\"activ\":\"2\",\"karma1\":\"0\",\"karma2\":\"0\",\"msg\":\"EVENT_RECORD_VIEW\",\"msg_pers\":\"EVENT_RECORD_VIEW_PERS\"},\"record_wait_approve\":{\"notif\":\"2\",\"activ\":\"2\",\"msg\":\"EVENT_RECORD_WAIT_APPROVE\",\"msg_pers\":\"EVENT_RECORD_WAIT_APPROVE_PERS\"},\"record_approved\":{\"notif\":\"2\",\"activ\":\"2\",\"karma1\":\"0\",\"karma2\":\"0\",\"msg\":\"EVENT_RECORD_APPROVED\",\"msg_pers\":\"EVENT_RECORD_APPROVED_PERS\"},\"record_edited\":{\"notif\":\"2\",\"activ\":\"2\",\"karma1\":\"0\",\"karma2\":\"0\",\"msg\":\"EVENT_RECORD_EDITED\",\"msg_pers\":\"EVENT_RECORD_EDITED_PERS\"},\"record_deleted\":{\"notif\":\"2\",\"activ\":\"2\",\"karma1\":\"0\",\"karma2\":\"0\",\"msg\":\"EVENT_RECORD_DELETED\",\"msg_pers\":\"EVENT_RECORD_DELETED_PERS\"},\"record_rated\":{\"notif\":\"2\",\"activ\":\"2\",\"karma1\":\"0\",\"karma2\":\"0\",\"msg\":\"EVENT_RECORD_RATED\",\"msg_pers\":\"EVENT_RECORD_RATED_PERS\"},\"record_expired\":{\"notif\":\"2\",\"activ\":\"2\",\"karma2\":\"0\",\"msg\":\"EVENT_RECORD_EXPIRED\",\"msg_pers\":\"EVENT_RECORD_EXPIRED_PERS\"},\"record_featured_expired\":{\"notif\":\"2\",\"activ\":\"2\",\"karma2\":\"0\",\"msg\":\"EVENT_RECORD_FEATURED_EXPIRED\",\"msg_pers\":\"EVENT_RECORD_FEATURED_EXPIRED_PERS\"},\"record_bookmarked\":{\"notif\":\"2\",\"activ\":\"2\",\"karma1\":\"0\",\"karma2\":\"0\",\"msg\":\"EVENT_RECORD_BOOKMARKED\",\"msg_pers\":\"EVENT_RECORD_BOOKMARKED_PERS\"},\"record_tagged\":{\"notif\":\"2\",\"activ\":\"2\",\"karma1\":\"0\",\"karma2\":\"0\",\"msg\":\"EVENT_RECORD_TAGGED\",\"msg_pers\":\"EVENT_RECORD_TAGGED_PERS\"},\"record_unpublished\":{\"notif\":\"2\",\"activ\":\"2\",\"karma1\":\"0\",\"karma2\":\"0\",\"msg\":\"EVENT_RECORD_UNPUBLISHED\",\"msg_pers\":\"EVENT_RECORD_UNPUBLISHED_PERS\"},\"record_featured\":{\"notif\":\"2\",\"activ\":\"2\",\"karma1\":\"0\",\"karma2\":\"0\",\"msg\":\"EVENT_RECORD_FEATURED\",\"msg_pers\":\"EVENT_RECORD_FEATURED_PERS\"},\"record_extended\":{\"notif\":\"2\",\"activ\":\"2\",\"karma1\":\"0\",\"karma2\":\"0\",\"msg\":\"EVENT_RECORD_EXTENDED\",\"msg_pers\":\"EVENT_RECORD_EXTENDED_PERS\"},\"record_reposted\":{\"notif\":\"2\",\"activ\":\"2\",\"karma1\":\"0\",\"karma2\":\"0\",\"msg\":\"EVENT_RECORD_REPOSTED\",\"msg_pers\":\"EVENT_RECORD_REPOSTED_PERS\"},\"record_posted\":{\"notif\":\"2\",\"activ\":\"2\",\"karma1\":\"0\",\"msg\":\"EVENT_RECORD_POSTED\",\"msg_pers\":\"EVENT_RECORD_POSTED_PERS\"},\"comment_new\":{\"notif\":\"2\",\"activ\":\"2\",\"karma1\":\"0\",\"karma2\":\"0\",\"msg\":\"EVENT_COMMENT_NEW\",\"msg_pers\":\"EVENT_COMMENT_NEW_PERS\"},\"comment_edited\":{\"notif\":\"2\",\"activ\":\"2\",\"karma1\":\"0\",\"karma2\":\"0\",\"msg\":\"EVENT_COMMENT_EDITED\",\"msg_pers\":\"EVENT_COMMENT_EDITED_PERS\"},\"comment_rated\":{\"notif\":\"2\",\"activ\":\"2\",\"karma1\":\"0\",\"karma2\":\"0\",\"msg\":\"EVENT_COMMENT_RATED\",\"msg_pers\":\"EVENT_COMMENT_RATED_PERS\"},\"comment_deleted\":{\"notif\":\"2\",\"activ\":\"2\",\"karma1\":\"0\",\"karma2\":\"0\",\"msg\":\"EVENT_COMMENT_DELETED\",\"msg_pers\":\"EVENT_COMMENT_DELETED_PERS\"},\"comment_approved\":{\"notif\":\"2\",\"activ\":\"2\",\"karma1\":\"0\",\"karma2\":\"0\",\"msg\":\"EVENT_COMMENT_APPROVED\",\"msg_pers\":\"EVENT_COMMENT_APPROVED_PERS\"},\"comment_reply\":{\"notif\":\"2\",\"activ\":\"2\",\"karma1\":\"0\",\"karma2\":\"0\",\"msg\":\"EVENT_COMMENT_REPLY\",\"msg_pers\":\"EVENT_COMMENT_REPLY_PERS\"},\"comment_unpublished\":{\"notif\":\"2\",\"activ\":\"2\",\"karma1\":\"0\",\"karma2\":\"0\",\"msg\":\"EVENT_COMMENT_UNPUBLISHED\",\"msg_pers\":\"EVENT_COMMENT_UNPUBLISHED_PERS\"},\"status_changed\":{\"notif\":\"2\",\"activ\":\"2\",\"karma1\":\"0\",\"karma2\":\"0\",\"msg\":\"EVENT_STATUS_CHANGED\",\"msg_pers\":\"EVENT_STATUS_CHANGED_PERS\"},\"parent_new\":{\"notif\":\"2\",\"activ\":\"2\",\"karma1\":\"0\",\"karma2\":\"0\",\"msg\":\"EVENT_PARENT_NEW\",\"msg_pers\":\"EVENT_PARENT_NEW_PERS\"},\"child_new\":{\"notif\":\"2\",\"activ\":\"2\",\"karma1\":\"0\",\"karma2\":\"0\",\"msg\":\"EVENT_CHILD_NEW\",\"msg_pers\":\"EVENT_CHILD_NEW_PERS\"},\"parent_attached\":{\"notif\":\"2\",\"activ\":\"2\",\"karma1\":\"0\",\"karma2\":\"0\",\"msg\":\"EVENT_PARENT_ATTACHED\",\"msg_pers\":\"EVENT_PARENT_ATTACHED_PERS\"},\"child_attached\":{\"notif\":\"2\",\"activ\":\"2\",\"karma1\":\"0\",\"karma2\":\"0\",\"msg\":\"EVENT_CHILD_ATTACHED\",\"msg_pers\":\"EVENT_CHILD_ATTACHED_PERS\"},\"order_updated\":{\"notif\":\"2\",\"activ\":\"2\",\"karma1\":\"0\",\"karma2\":\"0\",\"msg\":\"EVENT_ORDER_UPDATED\",\"msg_pers\":\"EVENT_ORDER_UPDATED_PERS\"},\"new_sale\":{\"notif\":\"2\",\"activ\":\"2\",\"karma1\":\"0\",\"karma2\":\"0\",\"msg\":\"EVENT_NEW_SALE\",\"msg_pers\":\"EVENT_NEW_SALE_PERS\"},\"new_sale_manual\":{\"notif\":\"2\",\"activ\":\"2\",\"karma1\":\"0\",\"karma2\":\"0\",\"msg\":\"EVENT_NEW_SALE_MANUAL\",\"msg_pers\":\"EVENT_NEW_SALE_MANUAL_PERS\"}}}}","checked_out":"0","checked_out_time":"0000-00-00 00:00:00","access":"1","categories":"0","language":"*","descr_before":"","descr_after":null,"descr_full":"","link":"index.php?option=com_cobalt&view=records&section_id=4_breeds-dogs&Itemid="},"5":{"id":"5","asset_id":"127","name":"\u041f\u0438\u0442\u043e\u043c\u043d\u0438\u043a\u0438","title":"","alias":"\u043f\u0438\u0442\u043e\u043c\u043d\u0438\u043a\u0438","description":"","published":"1","ordering":"7","image":"","image_position":"","params":"{\"general\":{\"status\":\"1\",\"status_msg\":\"This section is currently offline. Please, check back later.\",\"category_itemid\":\"\",\"noaccess_redirect\":\"\",\"orderby\":\"r.ctime DESC\",\"lang_mode\":\"0\",\"records_mode\":\"0\",\"filter_mode\":\"1\",\"cat_mode\":\"1\",\"can_display\":\"\",\"featured_first\":\"0\",\"marknew\":\"0\",\"show_future_records\":\"3\",\"show_past_records\":\"3\",\"show_restrict\":\"1\",\"show_children\":\"0\",\"have_unpublished\":\"1\",\"item_label\":\"item\",\"section_home_items\":\"1\",\"section_home_orderby\":\"r.ctime DESC\",\"home_featured_first\":\"0\",\"type\":[\"5\"],\"record_submit_limit\":\"0\",\"tmpl_markup\":\"main_template.67449bded07880adbc37315e56ebf0ba\",\"tmpl_list\":[\"my_blog.7c68c75831195ac50933c288a3246a58\"],\"tmpl_category\":\"0\",\"tmpl_compare\":\"blog.234bdd56a921e24dbbd07edde5e676b4\",\"tmpl_list_default\":\"default\"},\"more\":{\"search_mode\":\"3\",\"search_title\":\"1\",\"search_name\":\"0\",\"search_email\":\"0\",\"search_comments\":\"0\",\"feed_link\":\"1\",\"feed_link2\":\"1\",\"records_mode\":\"0\",\"feed_limit\":\"50\",\"orderby_rss\":\"r.ctime DESC\",\"feed_link_type\":\"1\",\"metadesc\":\"\",\"metakey\":\"\",\"author\":\"\",\"robots\":\"\"},\"personalize\":{\"personalize\":\"1\",\"records_mode\":\"0\",\"author_mode\":\"username\",\"breadcrumbs\":\"1\",\"post_anywhere\":\"0\",\"home_text\":\"See all artilces\",\"text_icon\":\"home.png\",\"onlinestatus\":\"1\",\"vip\":\"0\",\"novip\":\"3\",\"glod_amount\":\"250\",\"vip_gold\":\"vipGold.png\",\"vip_silver\":\"vipSilver.png\",\"vip_gray\":\"vipGray.png\",\"pcat_submit\":\"0\",\"pcat_limit\":\"10\",\"pcat_descr_length\":\"200\",\"pcat_icon\":\"1\",\"pcat_meta\":\"2\",\"allow_section_set\":\"1\",\"allow_change_header\":\"1\",\"allow_change_descr\":\"1\",\"user_sec_descr_length\":\"200\",\"allow_access_control\":\"1\",\"allow_access_control_add\":\"1\"},\"events\":{\"subscribe_section\":0,\"subscribe_category\":0,\"subscribe_record\":\"2\",\"subscribe_user\":\"2\",\"alerts\":\"1\",\"user_manage\":\"1\",\"event_date_format\":\"\",\"event_date_custom\":\"d M Y\",\"event\":{\"record_new\":{\"notif\":\"2\",\"activ\":\"2\",\"karma1\":\"0\",\"msg\":\"EVENT_RECORD_NEW\",\"msg_pers\":\"EVENT_RECORD_NEW_PERS\"},\"record_view\":{\"notif\":\"2\",\"activ\":\"2\",\"karma1\":\"0\",\"karma2\":\"0\",\"msg\":\"EVENT_RECORD_VIEW\",\"msg_pers\":\"EVENT_RECORD_VIEW_PERS\"},\"record_wait_approve\":{\"notif\":\"2\",\"activ\":\"2\",\"msg\":\"EVENT_RECORD_WAIT_APPROVE\",\"msg_pers\":\"EVENT_RECORD_WAIT_APPROVE_PERS\"},\"record_approved\":{\"notif\":\"2\",\"activ\":\"2\",\"karma1\":\"0\",\"karma2\":\"0\",\"msg\":\"EVENT_RECORD_APPROVED\",\"msg_pers\":\"EVENT_RECORD_APPROVED_PERS\"},\"record_edited\":{\"notif\":\"2\",\"activ\":\"2\",\"karma1\":\"0\",\"karma2\":\"0\",\"msg\":\"EVENT_RECORD_EDITED\",\"msg_pers\":\"EVENT_RECORD_EDITED_PERS\"},\"record_deleted\":{\"notif\":\"2\",\"activ\":\"2\",\"karma1\":\"0\",\"karma2\":\"0\",\"msg\":\"EVENT_RECORD_DELETED\",\"msg_pers\":\"EVENT_RECORD_DELETED_PERS\"},\"record_rated\":{\"notif\":\"2\",\"activ\":\"2\",\"karma1\":\"0\",\"karma2\":\"0\",\"msg\":\"EVENT_RECORD_RATED\",\"msg_pers\":\"EVENT_RECORD_RATED_PERS\"},\"record_expired\":{\"notif\":\"2\",\"activ\":\"2\",\"karma2\":\"0\",\"msg\":\"EVENT_RECORD_EXPIRED\",\"msg_pers\":\"EVENT_RECORD_EXPIRED_PERS\"},\"record_featured_expired\":{\"notif\":\"2\",\"activ\":\"2\",\"karma2\":\"0\",\"msg\":\"EVENT_RECORD_FEATURED_EXPIRED\",\"msg_pers\":\"EVENT_RECORD_FEATURED_EXPIRED_PERS\"},\"record_bookmarked\":{\"notif\":\"2\",\"activ\":\"2\",\"karma1\":\"0\",\"karma2\":\"0\",\"msg\":\"EVENT_RECORD_BOOKMARKED\",\"msg_pers\":\"EVENT_RECORD_BOOKMARKED_PERS\"},\"record_tagged\":{\"notif\":\"2\",\"activ\":\"2\",\"karma1\":\"0\",\"karma2\":\"0\",\"msg\":\"EVENT_RECORD_TAGGED\",\"msg_pers\":\"EVENT_RECORD_TAGGED_PERS\"},\"record_unpublished\":{\"notif\":\"2\",\"activ\":\"2\",\"karma1\":\"0\",\"karma2\":\"0\",\"msg\":\"EVENT_RECORD_UNPUBLISHED\",\"msg_pers\":\"EVENT_RECORD_UNPUBLISHED_PERS\"},\"record_featured\":{\"notif\":\"2\",\"activ\":\"2\",\"karma1\":\"0\",\"karma2\":\"0\",\"msg\":\"EVENT_RECORD_FEATURED\",\"msg_pers\":\"EVENT_RECORD_FEATURED_PERS\"},\"record_extended\":{\"notif\":\"2\",\"activ\":\"2\",\"karma1\":\"0\",\"karma2\":\"0\",\"msg\":\"EVENT_RECORD_EXTENDED\",\"msg_pers\":\"EVENT_RECORD_EXTENDED_PERS\"},\"record_reposted\":{\"notif\":\"2\",\"activ\":\"2\",\"karma1\":\"0\",\"karma2\":\"0\",\"msg\":\"EVENT_RECORD_REPOSTED\",\"msg_pers\":\"EVENT_RECORD_REPOSTED_PERS\"},\"record_posted\":{\"notif\":\"2\",\"activ\":\"2\",\"karma1\":\"0\",\"msg\":\"EVENT_RECORD_POSTED\",\"msg_pers\":\"EVENT_RECORD_POSTED_PERS\"},\"comment_new\":{\"notif\":\"2\",\"activ\":\"2\",\"karma1\":\"0\",\"karma2\":\"0\",\"msg\":\"EVENT_COMMENT_NEW\",\"msg_pers\":\"EVENT_COMMENT_NEW_PERS\"},\"comment_edited\":{\"notif\":\"2\",\"activ\":\"2\",\"karma1\":\"0\",\"karma2\":\"0\",\"msg\":\"EVENT_COMMENT_EDITED\",\"msg_pers\":\"EVENT_COMMENT_EDITED_PERS\"},\"comment_rated\":{\"notif\":\"2\",\"activ\":\"2\",\"karma1\":\"0\",\"karma2\":\"0\",\"msg\":\"EVENT_COMMENT_RATED\",\"msg_pers\":\"EVENT_COMMENT_RATED_PERS\"},\"comment_deleted\":{\"notif\":\"2\",\"activ\":\"2\",\"karma1\":\"0\",\"karma2\":\"0\",\"msg\":\"EVENT_COMMENT_DELETED\",\"msg_pers\":\"EVENT_COMMENT_DELETED_PERS\"},\"comment_approved\":{\"notif\":\"2\",\"activ\":\"2\",\"karma1\":\"0\",\"karma2\":\"0\",\"msg\":\"EVENT_COMMENT_APPROVED\",\"msg_pers\":\"EVENT_COMMENT_APPROVED_PERS\"},\"comment_reply\":{\"notif\":\"2\",\"activ\":\"2\",\"karma1\":\"0\",\"karma2\":\"0\",\"msg\":\"EVENT_COMMENT_REPLY\",\"msg_pers\":\"EVENT_COMMENT_REPLY_PERS\"},\"comment_unpublished\":{\"notif\":\"2\",\"activ\":\"2\",\"karma1\":\"0\",\"karma2\":\"0\",\"msg\":\"EVENT_COMMENT_UNPUBLISHED\",\"msg_pers\":\"EVENT_COMMENT_UNPUBLISHED_PERS\"},\"status_changed\":{\"notif\":\"2\",\"activ\":\"2\",\"karma1\":\"0\",\"karma2\":\"0\",\"msg\":\"EVENT_STATUS_CHANGED\",\"msg_pers\":\"EVENT_STATUS_CHANGED_PERS\"},\"parent_new\":{\"notif\":\"2\",\"activ\":\"2\",\"karma1\":\"0\",\"karma2\":\"0\",\"msg\":\"EVENT_PARENT_NEW\",\"msg_pers\":\"EVENT_PARENT_NEW_PERS\"},\"child_new\":{\"notif\":\"2\",\"activ\":\"2\",\"karma1\":\"0\",\"karma2\":\"0\",\"msg\":\"EVENT_CHILD_NEW\",\"msg_pers\":\"EVENT_CHILD_NEW_PERS\"},\"parent_attached\":{\"notif\":\"2\",\"activ\":\"2\",\"karma1\":\"0\",\"karma2\":\"0\",\"msg\":\"EVENT_PARENT_ATTACHED\",\"msg_pers\":\"EVENT_PARENT_ATTACHED_PERS\"},\"child_attached\":{\"notif\":\"2\",\"activ\":\"2\",\"karma1\":\"0\",\"karma2\":\"0\",\"msg\":\"EVENT_CHILD_ATTACHED\",\"msg_pers\":\"EVENT_CHILD_ATTACHED_PERS\"},\"order_updated\":{\"notif\":\"2\",\"activ\":\"2\",\"karma1\":\"0\",\"karma2\":\"0\",\"msg\":\"EVENT_ORDER_UPDATED\",\"msg_pers\":\"EVENT_ORDER_UPDATED_PERS\"},\"new_sale\":{\"notif\":\"2\",\"activ\":\"2\",\"karma1\":\"0\",\"karma2\":\"0\",\"msg\":\"EVENT_NEW_SALE\",\"msg_pers\":\"EVENT_NEW_SALE_PERS\"},\"new_sale_manual\":{\"notif\":\"2\",\"activ\":\"2\",\"karma1\":\"0\",\"karma2\":\"0\",\"msg\":\"EVENT_NEW_SALE_MANUAL\",\"msg_pers\":\"EVENT_NEW_SALE_MANUAL_PERS\"}}}}","checked_out":"0","checked_out_time":"0000-00-00 00:00:00","access":"1","categories":"0","language":"*","descr_before":"","descr_after":null,"descr_full":"","link":"index.php?option=com_cobalt&view=records&section_id=5_\u043f\u0438\u0442\u043e\u043c\u043d\u0438\u043a\u0438&Itemid="},"3":{"id":"3","asset_id":"74","name":"\u0412\u0435\u0434\u0435\u043e\u0440\u043e\u043b\u0438\u043a\u0438 \u0441\u043e\u0431\u0430\u043a","title":"\u0412\u0438\u0434\u0435\u043e\u0440\u043e\u043b\u0438\u043a\u0438 \u0441\u043e\u0431\u0430\u043a","alias":"videos-dogs","description":"","published":"1","ordering":"9","image":"","image_position":"","params":"{\"general\":{\"status\":\"1\",\"status_msg\":\"This section is currently offline. Please, check back later.\",\"category_itemid\":\"\",\"noaccess_redirect\":\"\",\"orderby\":\"r.ctime DESC\",\"lang_mode\":\"0\",\"records_mode\":\"0\",\"filter_mode\":\"1\",\"cat_mode\":\"1\",\"can_display\":\"\",\"featured_first\":\"0\",\"marknew\":\"0\",\"show_future_records\":\"3\",\"show_past_records\":\"3\",\"show_restrict\":\"1\",\"show_children\":\"0\",\"have_unpublished\":\"1\",\"item_label\":\"item\",\"section_home_items\":\"1\",\"section_home_orderby\":\"r.ctime DESC\",\"home_featured_first\":\"0\",\"type\":[\"3\"],\"record_submit_limit\":\"0\",\"tmpl_markup\":\"main_template.1bff90ab28f4fd1791264bd498272e74\",\"tmpl_list\":[\"blog.57fe2f7354616ffa0daf5bbb0b9e9465\"],\"tmpl_category\":\"0\",\"tmpl_compare\":\"blog.8972f223e5b27028eaae285b32af86be\",\"tmpl_list_default\":\"default\"},\"more\":{\"search_mode\":\"3\",\"search_title\":\"1\",\"search_name\":\"0\",\"search_email\":\"0\",\"search_comments\":\"0\",\"feed_link\":\"1\",\"feed_link2\":\"1\",\"records_mode\":\"0\",\"feed_limit\":\"50\",\"orderby_rss\":\"r.ctime DESC\",\"feed_link_type\":\"1\",\"metadesc\":\"\",\"metakey\":\"\",\"author\":\"\",\"robots\":\"\"},\"personalize\":{\"personalize\":\"0\",\"records_mode\":\"0\",\"author_mode\":\"username\",\"breadcrumbs\":\"1\",\"post_anywhere\":\"0\",\"home_text\":\"See all artilces\",\"text_icon\":\"home.png\",\"onlinestatus\":\"1\",\"vip\":\"0\",\"novip\":\"3\",\"glod_amount\":\"250\",\"vip_gold\":\"vipGold.png\",\"vip_silver\":\"vipSilver.png\",\"vip_gray\":\"vipGray.png\",\"pcat_submit\":\"0\",\"pcat_limit\":\"10\",\"pcat_descr_length\":\"200\",\"pcat_icon\":\"1\",\"pcat_meta\":\"2\",\"allow_section_set\":\"1\",\"allow_change_header\":\"1\",\"allow_change_descr\":\"1\",\"user_sec_descr_length\":\"200\",\"allow_access_control\":\"1\",\"allow_access_control_add\":\"1\"},\"events\":{\"subscribe_section\":\"2\",\"subscribe_category\":0,\"subscribe_record\":\"2\",\"subscribe_user\":\"2\",\"alerts\":\"1\",\"user_manage\":\"1\",\"event_date_format\":\"\",\"event_date_custom\":\"d M Y\",\"event\":{\"record_new\":{\"notif\":\"2\",\"activ\":\"2\",\"karma1\":\"0\",\"msg\":\"EVENT_RECORD_NEW\",\"msg_pers\":\"EVENT_RECORD_NEW_PERS\"},\"record_view\":{\"notif\":\"2\",\"activ\":\"2\",\"karma1\":\"0\",\"karma2\":\"0\",\"msg\":\"EVENT_RECORD_VIEW\",\"msg_pers\":\"EVENT_RECORD_VIEW_PERS\"},\"record_wait_approve\":{\"notif\":\"2\",\"activ\":\"2\",\"msg\":\"EVENT_RECORD_WAIT_APPROVE\",\"msg_pers\":\"EVENT_RECORD_WAIT_APPROVE_PERS\"},\"record_approved\":{\"notif\":\"2\",\"activ\":\"2\",\"karma1\":\"0\",\"karma2\":\"0\",\"msg\":\"EVENT_RECORD_APPROVED\",\"msg_pers\":\"EVENT_RECORD_APPROVED_PERS\"},\"record_edited\":{\"notif\":\"2\",\"activ\":\"2\",\"karma1\":\"0\",\"karma2\":\"0\",\"msg\":\"EVENT_RECORD_EDITED\",\"msg_pers\":\"EVENT_RECORD_EDITED_PERS\"},\"record_deleted\":{\"notif\":\"2\",\"activ\":\"2\",\"karma1\":\"0\",\"karma2\":\"0\",\"msg\":\"EVENT_RECORD_DELETED\",\"msg_pers\":\"EVENT_RECORD_DELETED_PERS\"},\"record_rated\":{\"notif\":\"2\",\"activ\":\"2\",\"karma1\":\"0\",\"karma2\":\"0\",\"msg\":\"EVENT_RECORD_RATED\",\"msg_pers\":\"EVENT_RECORD_RATED_PERS\"},\"record_expired\":{\"notif\":\"2\",\"activ\":\"2\",\"karma2\":\"0\",\"msg\":\"EVENT_RECORD_EXPIRED\",\"msg_pers\":\"EVENT_RECORD_EXPIRED_PERS\"},\"record_featured_expired\":{\"notif\":\"2\",\"activ\":\"2\",\"karma2\":\"0\",\"msg\":\"EVENT_RECORD_FEATURED_EXPIRED\",\"msg_pers\":\"EVENT_RECORD_FEATURED_EXPIRED_PERS\"},\"record_bookmarked\":{\"notif\":\"2\",\"activ\":\"2\",\"karma1\":\"0\",\"karma2\":\"0\",\"msg\":\"EVENT_RECORD_BOOKMARKED\",\"msg_pers\":\"EVENT_RECORD_BOOKMARKED_PERS\"},\"record_tagged\":{\"notif\":\"2\",\"activ\":\"2\",\"karma1\":\"0\",\"karma2\":\"0\",\"msg\":\"EVENT_RECORD_TAGGED\",\"msg_pers\":\"EVENT_RECORD_TAGGED_PERS\"},\"record_unpublished\":{\"notif\":\"2\",\"activ\":\"2\",\"karma1\":\"0\",\"karma2\":\"0\",\"msg\":\"EVENT_RECORD_UNPUBLISHED\",\"msg_pers\":\"EVENT_RECORD_UNPUBLISHED_PERS\"},\"record_featured\":{\"notif\":\"2\",\"activ\":\"2\",\"karma1\":\"0\",\"karma2\":\"0\",\"msg\":\"EVENT_RECORD_FEATURED\",\"msg_pers\":\"EVENT_RECORD_FEATURED_PERS\"},\"record_extended\":{\"notif\":\"2\",\"activ\":\"2\",\"karma1\":\"0\",\"karma2\":\"0\",\"msg\":\"EVENT_RECORD_EXTENDED\",\"msg_pers\":\"EVENT_RECORD_EXTENDED_PERS\"},\"record_reposted\":{\"notif\":\"2\",\"activ\":\"2\",\"karma1\":\"0\",\"karma2\":\"0\",\"msg\":\"EVENT_RECORD_REPOSTED\",\"msg_pers\":\"EVENT_RECORD_REPOSTED_PERS\"},\"record_posted\":{\"notif\":\"2\",\"activ\":\"2\",\"karma1\":\"0\",\"msg\":\"EVENT_RECORD_POSTED\",\"msg_pers\":\"EVENT_RECORD_POSTED_PERS\"},\"comment_new\":{\"notif\":\"2\",\"activ\":\"2\",\"karma1\":\"0\",\"karma2\":\"0\",\"msg\":\"EVENT_COMMENT_NEW\",\"msg_pers\":\"EVENT_COMMENT_NEW_PERS\"},\"comment_edited\":{\"notif\":\"2\",\"activ\":\"2\",\"karma1\":\"0\",\"karma2\":\"0\",\"msg\":\"EVENT_COMMENT_EDITED\",\"msg_pers\":\"EVENT_COMMENT_EDITED_PERS\"},\"comment_rated\":{\"notif\":\"2\",\"activ\":\"2\",\"karma1\":\"0\",\"karma2\":\"0\",\"msg\":\"EVENT_COMMENT_RATED\",\"msg_pers\":\"EVENT_COMMENT_RATED_PERS\"},\"comment_deleted\":{\"notif\":\"2\",\"activ\":\"2\",\"karma1\":\"0\",\"karma2\":\"0\",\"msg\":\"EVENT_COMMENT_DELETED\",\"msg_pers\":\"EVENT_COMMENT_DELETED_PERS\"},\"comment_approved\":{\"notif\":\"2\",\"activ\":\"2\",\"karma1\":\"0\",\"karma2\":\"0\",\"msg\":\"EVENT_COMMENT_APPROVED\",\"msg_pers\":\"EVENT_COMMENT_APPROVED_PERS\"},\"comment_reply\":{\"notif\":\"2\",\"activ\":\"2\",\"karma1\":\"0\",\"karma2\":\"0\",\"msg\":\"EVENT_COMMENT_REPLY\",\"msg_pers\":\"EVENT_COMMENT_REPLY_PERS\"},\"comment_unpublished\":{\"notif\":\"2\",\"activ\":\"2\",\"karma1\":\"0\",\"karma2\":\"0\",\"msg\":\"EVENT_COMMENT_UNPUBLISHED\",\"msg_pers\":\"EVENT_COMMENT_UNPUBLISHED_PERS\"},\"status_changed\":{\"notif\":\"2\",\"activ\":\"2\",\"karma1\":\"0\",\"karma2\":\"0\",\"msg\":\"EVENT_STATUS_CHANGED\",\"msg_pers\":\"EVENT_STATUS_CHANGED_PERS\"},\"parent_new\":{\"notif\":\"2\",\"activ\":\"2\",\"karma1\":\"0\",\"karma2\":\"0\",\"msg\":\"EVENT_PARENT_NEW\",\"msg_pers\":\"EVENT_PARENT_NEW_PERS\"},\"child_new\":{\"notif\":\"2\",\"activ\":\"2\",\"karma1\":\"0\",\"karma2\":\"0\",\"msg\":\"EVENT_CHILD_NEW\",\"msg_pers\":\"EVENT_CHILD_NEW_PERS\"},\"parent_attached\":{\"notif\":\"2\",\"activ\":\"2\",\"karma1\":\"0\",\"karma2\":\"0\",\"msg\":\"EVENT_PARENT_ATTACHED\",\"msg_pers\":\"EVENT_PARENT_ATTACHED_PERS\"},\"child_attached\":{\"notif\":\"2\",\"activ\":\"2\",\"karma1\":\"0\",\"karma2\":\"0\",\"msg\":\"EVENT_CHILD_ATTACHED\",\"msg_pers\":\"EVENT_CHILD_ATTACHED_PERS\"},\"order_updated\":{\"notif\":\"2\",\"activ\":\"2\",\"karma1\":\"0\",\"karma2\":\"0\",\"msg\":\"EVENT_ORDER_UPDATED\",\"msg_pers\":\"EVENT_ORDER_UPDATED_PERS\"},\"new_sale\":{\"notif\":\"2\",\"activ\":\"2\",\"karma1\":\"0\",\"karma2\":\"0\",\"msg\":\"EVENT_NEW_SALE\",\"msg_pers\":\"EVENT_NEW_SALE_PERS\"},\"new_sale_manual\":{\"notif\":\"2\",\"activ\":\"2\",\"karma1\":\"0\",\"karma2\":\"0\",\"msg\":\"EVENT_NEW_SALE_MANUAL\",\"msg_pers\":\"EVENT_NEW_SALE_MANUAL_PERS\"}}}}","checked_out":"0","checked_out_time":"0000-00-00 00:00:00","access":"1","categories":"0","language":"*","descr_before":"","descr_after":null,"descr_full":"","link":"index.php?option=com_cobalt&view=records&section_id=3_videos-dogs&Itemid="},"2":{"id":"2","asset_id":"73","name":"\u0410\u043b\u044c\u0431\u043e\u043c\u044b \u0441\u043e\u0431\u0430\u043a","title":"\u0410\u043b\u044c\u0431\u043e\u043c\u044b \u0441\u043e\u0431\u0430\u043a","alias":"alboms-dogs","description":"","published":"1","ordering":"10","image":"","image_position":"","params":"{\"general\":{\"status\":\"1\",\"status_msg\":\"This section is currently offline. Please, check back later.\",\"category_itemid\":\"\",\"noaccess_redirect\":\"\",\"orderby\":\"r.ctime DESC\",\"lang_mode\":\"0\",\"records_mode\":\"0\",\"filter_mode\":\"1\",\"cat_mode\":\"1\",\"can_display\":\"\",\"featured_first\":\"0\",\"marknew\":\"0\",\"show_future_records\":\"3\",\"show_past_records\":\"3\",\"show_restrict\":\"1\",\"show_children\":\"0\",\"have_unpublished\":\"1\",\"item_label\":\"item\",\"section_home_items\":\"1\",\"section_home_orderby\":\"r.ctime DESC\",\"home_featured_first\":\"0\",\"type\":[\"2\"],\"record_submit_limit\":\"0\",\"tmpl_markup\":\"main_template.f8e66c65bfc6e9d2ec60a2f5505111cb\",\"tmpl_list\":[\"my_blog.d115b87d3693ee82e438a24940a6bd79\"],\"tmpl_category\":\"0\",\"tmpl_compare\":\"blog.cea9b65f27ed9b713d42d157eb57d206\",\"tmpl_list_default\":\"default\"},\"more\":{\"search_mode\":\"3\",\"search_title\":\"1\",\"search_name\":\"0\",\"search_email\":\"0\",\"search_comments\":\"0\",\"feed_link\":\"1\",\"feed_link2\":\"1\",\"records_mode\":\"0\",\"feed_limit\":\"50\",\"orderby_rss\":\"r.ctime DESC\",\"feed_link_type\":\"1\",\"metadesc\":\"\",\"metakey\":\"\",\"author\":\"\",\"robots\":\"\"},\"personalize\":{\"personalize\":\"1\",\"records_mode\":\"0\",\"author_mode\":\"username\",\"breadcrumbs\":\"1\",\"post_anywhere\":\"0\",\"home_text\":\"See all artilces\",\"text_icon\":\"home.png\",\"onlinestatus\":\"1\",\"vip\":\"0\",\"novip\":\"3\",\"glod_amount\":\"250\",\"vip_gold\":\"vipGold.png\",\"vip_silver\":\"vipSilver.png\",\"vip_gray\":\"vipGray.png\",\"pcat_submit\":\"0\",\"pcat_limit\":\"10\",\"pcat_descr_length\":\"200\",\"pcat_icon\":\"1\",\"pcat_meta\":\"2\",\"allow_section_set\":\"1\",\"allow_change_header\":\"1\",\"allow_change_descr\":\"1\",\"user_sec_descr_length\":\"200\",\"allow_access_control\":\"1\",\"allow_access_control_add\":\"1\"},\"events\":{\"subscribe_section\":0,\"subscribe_category\":0,\"subscribe_record\":\"2\",\"subscribe_user\":\"2\",\"alerts\":\"1\",\"user_manage\":\"1\",\"event_date_format\":\"\",\"event_date_custom\":\"d M Y\",\"event\":{\"record_new\":{\"notif\":\"2\",\"activ\":\"2\",\"karma1\":\"0\",\"msg\":\"EVENT_RECORD_NEW\",\"msg_pers\":\"EVENT_RECORD_NEW_PERS\"},\"record_view\":{\"notif\":\"2\",\"activ\":\"2\",\"karma1\":\"0\",\"karma2\":\"0\",\"msg\":\"EVENT_RECORD_VIEW\",\"msg_pers\":\"EVENT_RECORD_VIEW_PERS\"},\"record_wait_approve\":{\"notif\":\"2\",\"activ\":\"2\",\"msg\":\"EVENT_RECORD_WAIT_APPROVE\",\"msg_pers\":\"EVENT_RECORD_WAIT_APPROVE_PERS\"},\"record_approved\":{\"notif\":\"2\",\"activ\":\"2\",\"karma1\":\"0\",\"karma2\":\"0\",\"msg\":\"EVENT_RECORD_APPROVED\",\"msg_pers\":\"EVENT_RECORD_APPROVED_PERS\"},\"record_edited\":{\"notif\":\"2\",\"activ\":\"2\",\"karma1\":\"0\",\"karma2\":\"0\",\"msg\":\"EVENT_RECORD_EDITED\",\"msg_pers\":\"EVENT_RECORD_EDITED_PERS\"},\"record_deleted\":{\"notif\":\"2\",\"activ\":\"2\",\"karma1\":\"0\",\"karma2\":\"0\",\"msg\":\"EVENT_RECORD_DELETED\",\"msg_pers\":\"EVENT_RECORD_DELETED_PERS\"},\"record_rated\":{\"notif\":\"2\",\"activ\":\"2\",\"karma1\":\"0\",\"karma2\":\"0\",\"msg\":\"EVENT_RECORD_RATED\",\"msg_pers\":\"EVENT_RECORD_RATED_PERS\"},\"record_expired\":{\"notif\":\"2\",\"activ\":\"2\",\"karma2\":\"0\",\"msg\":\"EVENT_RECORD_EXPIRED\",\"msg_pers\":\"EVENT_RECORD_EXPIRED_PERS\"},\"record_featured_expired\":{\"notif\":\"2\",\"activ\":\"2\",\"karma2\":\"0\",\"msg\":\"EVENT_RECORD_FEATURED_EXPIRED\",\"msg_pers\":\"EVENT_RECORD_FEATURED_EXPIRED_PERS\"},\"record_bookmarked\":{\"notif\":\"2\",\"activ\":\"2\",\"karma1\":\"0\",\"karma2\":\"0\",\"msg\":\"EVENT_RECORD_BOOKMARKED\",\"msg_pers\":\"EVENT_RECORD_BOOKMARKED_PERS\"},\"record_tagged\":{\"notif\":\"2\",\"activ\":\"2\",\"karma1\":\"0\",\"karma2\":\"0\",\"msg\":\"EVENT_RECORD_TAGGED\",\"msg_pers\":\"EVENT_RECORD_TAGGED_PERS\"},\"record_unpublished\":{\"notif\":\"2\",\"activ\":\"2\",\"karma1\":\"0\",\"karma2\":\"0\",\"msg\":\"EVENT_RECORD_UNPUBLISHED\",\"msg_pers\":\"EVENT_RECORD_UNPUBLISHED_PERS\"},\"record_featured\":{\"notif\":\"2\",\"activ\":\"2\",\"karma1\":\"0\",\"karma2\":\"0\",\"msg\":\"EVENT_RECORD_FEATURED\",\"msg_pers\":\"EVENT_RECORD_FEATURED_PERS\"},\"record_extended\":{\"notif\":\"2\",\"activ\":\"2\",\"karma1\":\"0\",\"karma2\":\"0\",\"msg\":\"EVENT_RECORD_EXTENDED\",\"msg_pers\":\"EVENT_RECORD_EXTENDED_PERS\"},\"record_reposted\":{\"notif\":\"2\",\"activ\":\"2\",\"karma1\":\"0\",\"karma2\":\"0\",\"msg\":\"EVENT_RECORD_REPOSTED\",\"msg_pers\":\"EVENT_RECORD_REPOSTED_PERS\"},\"record_posted\":{\"notif\":\"2\",\"activ\":\"2\",\"karma1\":\"0\",\"msg\":\"EVENT_RECORD_POSTED\",\"msg_pers\":\"EVENT_RECORD_POSTED_PERS\"},\"comment_new\":{\"notif\":\"2\",\"activ\":\"2\",\"karma1\":\"0\",\"karma2\":\"0\",\"msg\":\"EVENT_COMMENT_NEW\",\"msg_pers\":\"EVENT_COMMENT_NEW_PERS\"},\"comment_edited\":{\"notif\":\"2\",\"activ\":\"2\",\"karma1\":\"0\",\"karma2\":\"0\",\"msg\":\"EVENT_COMMENT_EDITED\",\"msg_pers\":\"EVENT_COMMENT_EDITED_PERS\"},\"comment_rated\":{\"notif\":\"2\",\"activ\":\"2\",\"karma1\":\"0\",\"karma2\":\"0\",\"msg\":\"EVENT_COMMENT_RATED\",\"msg_pers\":\"EVENT_COMMENT_RATED_PERS\"},\"comment_deleted\":{\"notif\":\"2\",\"activ\":\"2\",\"karma1\":\"0\",\"karma2\":\"0\",\"msg\":\"EVENT_COMMENT_DELETED\",\"msg_pers\":\"EVENT_COMMENT_DELETED_PERS\"},\"comment_approved\":{\"notif\":\"2\",\"activ\":\"2\",\"karma1\":\"0\",\"karma2\":\"0\",\"msg\":\"EVENT_COMMENT_APPROVED\",\"msg_pers\":\"EVENT_COMMENT_APPROVED_PERS\"},\"comment_reply\":{\"notif\":\"2\",\"activ\":\"2\",\"karma1\":\"0\",\"karma2\":\"0\",\"msg\":\"EVENT_COMMENT_REPLY\",\"msg_pers\":\"EVENT_COMMENT_REPLY_PERS\"},\"comment_unpublished\":{\"notif\":\"2\",\"activ\":\"2\",\"karma1\":\"0\",\"karma2\":\"0\",\"msg\":\"EVENT_COMMENT_UNPUBLISHED\",\"msg_pers\":\"EVENT_COMMENT_UNPUBLISHED_PERS\"},\"status_changed\":{\"notif\":\"2\",\"activ\":\"2\",\"karma1\":\"0\",\"karma2\":\"0\",\"msg\":\"EVENT_STATUS_CHANGED\",\"msg_pers\":\"EVENT_STATUS_CHANGED_PERS\"},\"parent_new\":{\"notif\":\"2\",\"activ\":\"2\",\"karma1\":\"0\",\"karma2\":\"0\",\"msg\":\"EVENT_PARENT_NEW\",\"msg_pers\":\"EVENT_PARENT_NEW_PERS\"},\"child_new\":{\"notif\":\"2\",\"activ\":\"2\",\"karma1\":\"0\",\"karma2\":\"0\",\"msg\":\"EVENT_CHILD_NEW\",\"msg_pers\":\"EVENT_CHILD_NEW_PERS\"},\"parent_attached\":{\"notif\":\"2\",\"activ\":\"2\",\"karma1\":\"0\",\"karma2\":\"0\",\"msg\":\"EVENT_PARENT_ATTACHED\",\"msg_pers\":\"EVENT_PARENT_ATTACHED_PERS\"},\"child_attached\":{\"notif\":\"2\",\"activ\":\"2\",\"karma1\":\"0\",\"karma2\":\"0\",\"msg\":\"EVENT_CHILD_ATTACHED\",\"msg_pers\":\"EVENT_CHILD_ATTACHED_PERS\"},\"order_updated\":{\"notif\":\"2\",\"activ\":\"2\",\"karma1\":\"0\",\"karma2\":\"0\",\"msg\":\"EVENT_ORDER_UPDATED\",\"msg_pers\":\"EVENT_ORDER_UPDATED_PERS\"},\"new_sale\":{\"notif\":\"2\",\"activ\":\"2\",\"karma1\":\"0\",\"karma2\":\"0\",\"msg\":\"EVENT_NEW_SALE\",\"msg_pers\":\"EVENT_NEW_SALE_PERS\"},\"new_sale_manual\":{\"notif\":\"2\",\"activ\":\"2\",\"karma1\":\"0\",\"karma2\":\"0\",\"msg\":\"EVENT_NEW_SALE_MANUAL\",\"msg_pers\":\"EVENT_NEW_SALE_MANUAL_PERS\"}}}}","checked_out":"0","checked_out_time":"0000-00-00 00:00:00","access":"1","categories":"0","language":"*","descr_before":"","descr_after":null,"descr_full":"","link":"index.php?option=com_cobalt&view=records&section_id=2_alboms-dogs&Itemid="},"6":{"id":"6","asset_id":"151","name":"\u041a\u043e\u043d\u0442\u0430\u043a\u0442\u044b","title":"","alias":"\u043a\u043e\u043d\u0442\u0430\u043a\u0442\u044b-\u043f\u0438\u0442\u043e\u043c\u043d\u0438\u043a\u0430","description":"","published":"1","ordering":"6","image":"","image_position":"","params":"{\"general\":{\"status\":\"1\",\"status_msg\":\"This section is currently offline. Please, check back later.\",\"category_itemid\":\"\",\"noaccess_redirect\":\"\",\"orderby\":\"r.ctime DESC\",\"lang_mode\":\"0\",\"records_mode\":\"0\",\"filter_mode\":\"1\",\"cat_mode\":\"1\",\"can_display\":\"\",\"featured_first\":\"0\",\"marknew\":\"0\",\"show_future_records\":\"3\",\"show_past_records\":\"3\",\"show_restrict\":\"1\",\"show_children\":\"0\",\"have_unpublished\":\"1\",\"item_label\":\"item\",\"section_home_items\":\"1\",\"section_home_orderby\":\"r.ctime DESC\",\"home_featured_first\":\"0\",\"type\":[\"6\"],\"record_submit_limit\":\"0\",\"tmpl_markup\":\"main_template.57bf519626cf1e5cab1f6f4fa1b900bc\",\"tmpl_list\":[\"blog.763c9aa56dcba04cfff2f2320a0ad239\"],\"tmpl_category\":\"0\",\"tmpl_compare\":\"blog.6991bb1bdc487bbcf7629e71c7e6df22\",\"tmpl_list_default\":\"default\"},\"more\":{\"search_mode\":\"3\",\"search_title\":\"1\",\"search_name\":\"0\",\"search_email\":\"0\",\"search_comments\":\"0\",\"feed_link\":\"1\",\"feed_link2\":\"1\",\"records_mode\":\"0\",\"feed_limit\":\"50\",\"orderby_rss\":\"r.ctime DESC\",\"feed_link_type\":\"1\",\"metadesc\":\"\",\"metakey\":\"\",\"author\":\"\",\"robots\":\"\"},\"personalize\":{\"personalize\":\"1\",\"records_mode\":\"0\",\"author_mode\":\"username\",\"breadcrumbs\":\"1\",\"post_anywhere\":\"0\",\"home_text\":\"\\u0421\\u043c\\u043e\\u0442\\u0440\\u0435\\u0442\\u044c \\u0432\\u0441\\u0435 \\u043a\\u043e\\u043d\\u0442\\u0430\\u043a\\u0442\\u044b\",\"text_icon\":\"home.png\",\"onlinestatus\":\"0\",\"vip\":\"0\",\"novip\":\"3\",\"glod_amount\":\"250\",\"vip_gold\":\"vipGold.png\",\"vip_silver\":\"vipSilver.png\",\"vip_gray\":\"vipGray.png\",\"pcat_submit\":\"0\",\"pcat_limit\":\"10\",\"pcat_descr_length\":\"200\",\"pcat_icon\":\"1\",\"pcat_meta\":\"2\",\"allow_section_set\":\"1\",\"allow_change_header\":\"1\",\"allow_change_descr\":\"1\",\"user_sec_descr_length\":\"200\",\"allow_access_control\":\"1\",\"allow_access_control_add\":\"1\"},\"events\":{\"subscribe_section\":0,\"subscribe_category\":0,\"subscribe_record\":\"2\",\"subscribe_user\":\"2\",\"alerts\":\"1\",\"user_manage\":\"1\",\"event_date_format\":\"\",\"event_date_custom\":\"d M Y\",\"event\":{\"record_new\":{\"notif\":\"2\",\"activ\":\"2\",\"karma1\":\"0\",\"msg\":\"EVENT_RECORD_NEW\",\"msg_pers\":\"EVENT_RECORD_NEW_PERS\"},\"record_view\":{\"notif\":\"2\",\"activ\":\"2\",\"karma1\":\"0\",\"karma2\":\"0\",\"msg\":\"EVENT_RECORD_VIEW\",\"msg_pers\":\"EVENT_RECORD_VIEW_PERS\"},\"record_wait_approve\":{\"notif\":\"2\",\"activ\":\"2\",\"msg\":\"EVENT_RECORD_WAIT_APPROVE\",\"msg_pers\":\"EVENT_RECORD_WAIT_APPROVE_PERS\"},\"record_approved\":{\"notif\":\"2\",\"activ\":\"2\",\"karma1\":\"0\",\"karma2\":\"0\",\"msg\":\"EVENT_RECORD_APPROVED\",\"msg_pers\":\"EVENT_RECORD_APPROVED_PERS\"},\"record_edited\":{\"notif\":\"2\",\"activ\":\"2\",\"karma1\":\"0\",\"karma2\":\"0\",\"msg\":\"EVENT_RECORD_EDITED\",\"msg_pers\":\"EVENT_RECORD_EDITED_PERS\"},\"record_deleted\":{\"notif\":\"2\",\"activ\":\"2\",\"karma1\":\"0\",\"karma2\":\"0\",\"msg\":\"EVENT_RECORD_DELETED\",\"msg_pers\":\"EVENT_RECORD_DELETED_PERS\"},\"record_rated\":{\"notif\":\"2\",\"activ\":\"2\",\"karma1\":\"0\",\"karma2\":\"0\",\"msg\":\"EVENT_RECORD_RATED\",\"msg_pers\":\"EVENT_RECORD_RATED_PERS\"},\"record_expired\":{\"notif\":\"2\",\"activ\":\"2\",\"karma2\":\"0\",\"msg\":\"EVENT_RECORD_EXPIRED\",\"msg_pers\":\"EVENT_RECORD_EXPIRED_PERS\"},\"record_featured_expired\":{\"notif\":\"2\",\"activ\":\"2\",\"karma2\":\"0\",\"msg\":\"EVENT_RECORD_FEATURED_EXPIRED\",\"msg_pers\":\"EVENT_RECORD_FEATURED_EXPIRED_PERS\"},\"record_bookmarked\":{\"notif\":\"2\",\"activ\":\"2\",\"karma1\":\"0\",\"karma2\":\"0\",\"msg\":\"EVENT_RECORD_BOOKMARKED\",\"msg_pers\":\"EVENT_RECORD_BOOKMARKED_PERS\"},\"record_tagged\":{\"notif\":\"2\",\"activ\":\"2\",\"karma1\":\"0\",\"karma2\":\"0\",\"msg\":\"EVENT_RECORD_TAGGED\",\"msg_pers\":\"EVENT_RECORD_TAGGED_PERS\"},\"record_unpublished\":{\"notif\":\"2\",\"activ\":\"2\",\"karma1\":\"0\",\"karma2\":\"0\",\"msg\":\"EVENT_RECORD_UNPUBLISHED\",\"msg_pers\":\"EVENT_RECORD_UNPUBLISHED_PERS\"},\"record_featured\":{\"notif\":\"2\",\"activ\":\"2\",\"karma1\":\"0\",\"karma2\":\"0\",\"msg\":\"EVENT_RECORD_FEATURED\",\"msg_pers\":\"EVENT_RECORD_FEATURED_PERS\"},\"record_extended\":{\"notif\":\"2\",\"activ\":\"2\",\"karma1\":\"0\",\"karma2\":\"0\",\"msg\":\"EVENT_RECORD_EXTENDED\",\"msg_pers\":\"EVENT_RECORD_EXTENDED_PERS\"},\"record_reposted\":{\"notif\":\"2\",\"activ\":\"2\",\"karma1\":\"0\",\"karma2\":\"0\",\"msg\":\"EVENT_RECORD_REPOSTED\",\"msg_pers\":\"EVENT_RECORD_REPOSTED_PERS\"},\"record_posted\":{\"notif\":\"2\",\"activ\":\"2\",\"karma1\":\"0\",\"msg\":\"EVENT_RECORD_POSTED\",\"msg_pers\":\"EVENT_RECORD_POSTED_PERS\"},\"comment_new\":{\"notif\":\"2\",\"activ\":\"2\",\"karma1\":\"0\",\"karma2\":\"0\",\"msg\":\"EVENT_COMMENT_NEW\",\"msg_pers\":\"EVENT_COMMENT_NEW_PERS\"},\"comment_edited\":{\"notif\":\"2\",\"activ\":\"2\",\"karma1\":\"0\",\"karma2\":\"0\",\"msg\":\"EVENT_COMMENT_EDITED\",\"msg_pers\":\"EVENT_COMMENT_EDITED_PERS\"},\"comment_rated\":{\"notif\":\"2\",\"activ\":\"2\",\"karma1\":\"0\",\"karma2\":\"0\",\"msg\":\"EVENT_COMMENT_RATED\",\"msg_pers\":\"EVENT_COMMENT_RATED_PERS\"},\"comment_deleted\":{\"notif\":\"2\",\"activ\":\"2\",\"karma1\":\"0\",\"karma2\":\"0\",\"msg\":\"EVENT_COMMENT_DELETED\",\"msg_pers\":\"EVENT_COMMENT_DELETED_PERS\"},\"comment_approved\":{\"notif\":\"2\",\"activ\":\"2\",\"karma1\":\"0\",\"karma2\":\"0\",\"msg\":\"EVENT_COMMENT_APPROVED\",\"msg_pers\":\"EVENT_COMMENT_APPROVED_PERS\"},\"comment_reply\":{\"notif\":\"2\",\"activ\":\"2\",\"karma1\":\"0\",\"karma2\":\"0\",\"msg\":\"EVENT_COMMENT_REPLY\",\"msg_pers\":\"EVENT_COMMENT_REPLY_PERS\"},\"comment_unpublished\":{\"notif\":\"2\",\"activ\":\"2\",\"karma1\":\"0\",\"karma2\":\"0\",\"msg\":\"EVENT_COMMENT_UNPUBLISHED\",\"msg_pers\":\"EVENT_COMMENT_UNPUBLISHED_PERS\"},\"status_changed\":{\"notif\":\"2\",\"activ\":\"2\",\"karma1\":\"0\",\"karma2\":\"0\",\"msg\":\"EVENT_STATUS_CHANGED\",\"msg_pers\":\"EVENT_STATUS_CHANGED_PERS\"},\"parent_new\":{\"notif\":\"2\",\"activ\":\"2\",\"karma1\":\"0\",\"karma2\":\"0\",\"msg\":\"EVENT_PARENT_NEW\",\"msg_pers\":\"EVENT_PARENT_NEW_PERS\"},\"child_new\":{\"notif\":\"2\",\"activ\":\"2\",\"karma1\":\"0\",\"karma2\":\"0\",\"msg\":\"EVENT_CHILD_NEW\",\"msg_pers\":\"EVENT_CHILD_NEW_PERS\"},\"parent_attached\":{\"notif\":\"2\",\"activ\":\"2\",\"karma1\":\"0\",\"karma2\":\"0\",\"msg\":\"EVENT_PARENT_ATTACHED\",\"msg_pers\":\"EVENT_PARENT_ATTACHED_PERS\"},\"child_attached\":{\"notif\":\"2\",\"activ\":\"2\",\"karma1\":\"0\",\"karma2\":\"0\",\"msg\":\"EVENT_CHILD_ATTACHED\",\"msg_pers\":\"EVENT_CHILD_ATTACHED_PERS\"},\"order_updated\":{\"notif\":\"2\",\"activ\":\"2\",\"karma1\":\"0\",\"karma2\":\"0\",\"msg\":\"EVENT_ORDER_UPDATED\",\"msg_pers\":\"EVENT_ORDER_UPDATED_PERS\"},\"new_sale\":{\"notif\":\"2\",\"activ\":\"2\",\"karma1\":\"0\",\"karma2\":\"0\",\"msg\":\"EVENT_NEW_SALE\",\"msg_pers\":\"EVENT_NEW_SALE_PERS\"},\"new_sale_manual\":{\"notif\":\"2\",\"activ\":\"2\",\"karma1\":\"0\",\"karma2\":\"0\",\"msg\":\"EVENT_NEW_SALE_MANUAL\",\"msg_pers\":\"EVENT_NEW_SALE_MANUAL_PERS\"}}}}","checked_out":"0","checked_out_time":"0000-00-00 00:00:00","access":"1","categories":"0","language":"*","descr_before":"","descr_after":null,"descr_full":"","link":"index.php?option=com_cobalt&view=records&section_id=6_\u043a\u043e\u043d\u0442\u0430\u043a\u0442\u044b-\u043f\u0438\u0442\u043e\u043c\u043d\u0438\u043a\u0430&Itemid="},"11":{"id":"11","asset_id":"235","name":"\u041d\u043e\u0432\u043e\u0441\u0442\u0438","title":"","alias":"\u043d\u043e\u0432\u043e\u0441\u0442\u0438","description":"","published":"1","ordering":"1","image":"","image_position":"","params":"{\"general\":{\"status\":\"1\",\"status_msg\":\"This section is currently offline. Please, check back later.\",\"category_itemid\":\"\",\"noaccess_redirect\":\"\",\"orderby\":\"r.ctime DESC\",\"lang_mode\":\"0\",\"records_mode\":\"0\",\"filter_mode\":\"1\",\"cat_mode\":\"1\",\"can_display\":\"\",\"featured_first\":\"0\",\"marknew\":\"0\",\"show_future_records\":\"3\",\"show_past_records\":\"3\",\"show_restrict\":\"1\",\"show_children\":\"0\",\"have_unpublished\":\"1\",\"item_label\":\"item\",\"section_home_items\":\"1\",\"section_home_orderby\":\"r.ctime DESC\",\"home_featured_first\":\"0\",\"type\":[\"11\"],\"record_submit_limit\":\"0\",\"tmpl_markup\":\"main_template.86f644871f4223c246a6a17efad6a5f9\",\"tmpl_list\":[\"my_blog.7ce837fe36774eefb6fd947e2f3d585a\"],\"tmpl_category\":\"0\",\"tmpl_compare\":\"blog.b524905a0b87730bef4cca20a17d6b1f\",\"tmpl_list_default\":\"default\"},\"more\":{\"search_mode\":\"3\",\"search_title\":\"1\",\"search_name\":\"0\",\"search_email\":\"0\",\"search_comments\":\"0\",\"feed_link\":\"1\",\"feed_link2\":\"1\",\"records_mode\":\"0\",\"feed_limit\":\"50\",\"orderby_rss\":\"r.ctime DESC\",\"feed_link_type\":\"1\",\"metadesc\":\"\",\"metakey\":\"\",\"author\":\"\",\"robots\":\"\"},\"personalize\":{\"personalize\":\"1\",\"records_mode\":\"0\",\"author_mode\":\"username\",\"breadcrumbs\":\"1\",\"post_anywhere\":\"0\",\"home_text\":\"\\u0421\\u043c\\u043e\\u0442\\u0440\\u0435\\u0442\\u044c \\u0432\\u0441\\u0435 \\u043d\\u043e\\u0432\\u043e\\u0441\\u0442\\u0438\",\"text_icon\":\"home.png\",\"onlinestatus\":\"1\",\"vip\":\"0\",\"novip\":\"3\",\"glod_amount\":\"250\",\"vip_gold\":\"vipGold.png\",\"vip_silver\":\"vipSilver.png\",\"vip_gray\":\"vipGray.png\",\"pcat_submit\":\"0\",\"pcat_limit\":\"10\",\"pcat_descr_length\":\"200\",\"pcat_icon\":\"1\",\"pcat_meta\":\"2\",\"allow_section_set\":\"1\",\"allow_change_header\":\"1\",\"allow_change_descr\":\"1\",\"user_sec_descr_length\":\"200\",\"allow_access_control\":\"1\",\"allow_access_control_add\":\"1\"},\"events\":{\"subscribe_section\":0,\"subscribe_category\":0,\"subscribe_record\":\"2\",\"subscribe_user\":\"2\",\"alerts\":\"1\",\"user_manage\":\"1\",\"event_date_format\":\"\",\"event_date_custom\":\"d M Y\",\"event\":{\"record_new\":{\"notif\":\"2\",\"activ\":\"2\",\"karma1\":\"0\",\"msg\":\"EVENT_RECORD_NEW\",\"msg_pers\":\"EVENT_RECORD_NEW_PERS\"},\"record_view\":{\"notif\":\"2\",\"activ\":\"2\",\"karma1\":\"0\",\"karma2\":\"0\",\"msg\":\"EVENT_RECORD_VIEW\",\"msg_pers\":\"EVENT_RECORD_VIEW_PERS\"},\"record_wait_approve\":{\"notif\":\"2\",\"activ\":\"2\",\"msg\":\"EVENT_RECORD_WAIT_APPROVE\",\"msg_pers\":\"EVENT_RECORD_WAIT_APPROVE_PERS\"},\"record_approved\":{\"notif\":\"2\",\"activ\":\"2\",\"karma1\":\"0\",\"karma2\":\"0\",\"msg\":\"EVENT_RECORD_APPROVED\",\"msg_pers\":\"EVENT_RECORD_APPROVED_PERS\"},\"record_edited\":{\"notif\":\"2\",\"activ\":\"2\",\"karma1\":\"0\",\"karma2\":\"0\",\"msg\":\"EVENT_RECORD_EDITED\",\"msg_pers\":\"EVENT_RECORD_EDITED_PERS\"},\"record_deleted\":{\"notif\":\"2\",\"activ\":\"2\",\"karma1\":\"0\",\"karma2\":\"0\",\"msg\":\"EVENT_RECORD_DELETED\",\"msg_pers\":\"EVENT_RECORD_DELETED_PERS\"},\"record_rated\":{\"notif\":\"2\",\"activ\":\"2\",\"karma1\":\"0\",\"karma2\":\"0\",\"msg\":\"EVENT_RECORD_RATED\",\"msg_pers\":\"EVENT_RECORD_RATED_PERS\"},\"record_expired\":{\"notif\":\"2\",\"activ\":\"2\",\"karma2\":\"0\",\"msg\":\"EVENT_RECORD_EXPIRED\",\"msg_pers\":\"EVENT_RECORD_EXPIRED_PERS\"},\"record_featured_expired\":{\"notif\":\"2\",\"activ\":\"2\",\"karma2\":\"0\",\"msg\":\"EVENT_RECORD_FEATURED_EXPIRED\",\"msg_pers\":\"EVENT_RECORD_FEATURED_EXPIRED_PERS\"},\"record_bookmarked\":{\"notif\":\"2\",\"activ\":\"2\",\"karma1\":\"0\",\"karma2\":\"0\",\"msg\":\"EVENT_RECORD_BOOKMARKED\",\"msg_pers\":\"EVENT_RECORD_BOOKMARKED_PERS\"},\"record_tagged\":{\"notif\":\"2\",\"activ\":\"2\",\"karma1\":\"0\",\"karma2\":\"0\",\"msg\":\"EVENT_RECORD_TAGGED\",\"msg_pers\":\"EVENT_RECORD_TAGGED_PERS\"},\"record_unpublished\":{\"notif\":\"2\",\"activ\":\"2\",\"karma1\":\"0\",\"karma2\":\"0\",\"msg\":\"EVENT_RECORD_UNPUBLISHED\",\"msg_pers\":\"EVENT_RECORD_UNPUBLISHED_PERS\"},\"record_featured\":{\"notif\":\"2\",\"activ\":\"2\",\"karma1\":\"0\",\"karma2\":\"0\",\"msg\":\"EVENT_RECORD_FEATURED\",\"msg_pers\":\"EVENT_RECORD_FEATURED_PERS\"},\"record_extended\":{\"notif\":\"2\",\"activ\":\"2\",\"karma1\":\"0\",\"karma2\":\"0\",\"msg\":\"EVENT_RECORD_EXTENDED\",\"msg_pers\":\"EVENT_RECORD_EXTENDED_PERS\"},\"record_reposted\":{\"notif\":\"2\",\"activ\":\"2\",\"karma1\":\"0\",\"karma2\":\"0\",\"msg\":\"EVENT_RECORD_REPOSTED\",\"msg_pers\":\"EVENT_RECORD_REPOSTED_PERS\"},\"record_posted\":{\"notif\":\"2\",\"activ\":\"2\",\"karma1\":\"0\",\"msg\":\"EVENT_RECORD_POSTED\",\"msg_pers\":\"EVENT_RECORD_POSTED_PERS\"},\"comment_new\":{\"notif\":\"2\",\"activ\":\"2\",\"karma1\":\"0\",\"karma2\":\"0\",\"msg\":\"EVENT_COMMENT_NEW\",\"msg_pers\":\"EVENT_COMMENT_NEW_PERS\"},\"comment_edited\":{\"notif\":\"2\",\"activ\":\"2\",\"karma1\":\"0\",\"karma2\":\"0\",\"msg\":\"EVENT_COMMENT_EDITED\",\"msg_pers\":\"EVENT_COMMENT_EDITED_PERS\"},\"comment_rated\":{\"notif\":\"2\",\"activ\":\"2\",\"karma1\":\"0\",\"karma2\":\"0\",\"msg\":\"EVENT_COMMENT_RATED\",\"msg_pers\":\"EVENT_COMMENT_RATED_PERS\"},\"comment_deleted\":{\"notif\":\"2\",\"activ\":\"2\",\"karma1\":\"0\",\"karma2\":\"0\",\"msg\":\"EVENT_COMMENT_DELETED\",\"msg_pers\":\"EVENT_COMMENT_DELETED_PERS\"},\"comment_approved\":{\"notif\":\"2\",\"activ\":\"2\",\"karma1\":\"0\",\"karma2\":\"0\",\"msg\":\"EVENT_COMMENT_APPROVED\",\"msg_pers\":\"EVENT_COMMENT_APPROVED_PERS\"},\"comment_reply\":{\"notif\":\"2\",\"activ\":\"2\",\"karma1\":\"0\",\"karma2\":\"0\",\"msg\":\"EVENT_COMMENT_REPLY\",\"msg_pers\":\"EVENT_COMMENT_REPLY_PERS\"},\"comment_unpublished\":{\"notif\":\"2\",\"activ\":\"2\",\"karma1\":\"0\",\"karma2\":\"0\",\"msg\":\"EVENT_COMMENT_UNPUBLISHED\",\"msg_pers\":\"EVENT_COMMENT_UNPUBLISHED_PERS\"},\"status_changed\":{\"notif\":\"2\",\"activ\":\"2\",\"karma1\":\"0\",\"karma2\":\"0\",\"msg\":\"EVENT_STATUS_CHANGED\",\"msg_pers\":\"EVENT_STATUS_CHANGED_PERS\"},\"parent_new\":{\"notif\":\"2\",\"activ\":\"2\",\"karma1\":\"0\",\"karma2\":\"0\",\"msg\":\"EVENT_PARENT_NEW\",\"msg_pers\":\"EVENT_PARENT_NEW_PERS\"},\"child_new\":{\"notif\":\"2\",\"activ\":\"2\",\"karma1\":\"0\",\"karma2\":\"0\",\"msg\":\"EVENT_CHILD_NEW\",\"msg_pers\":\"EVENT_CHILD_NEW_PERS\"},\"parent_attached\":{\"notif\":\"2\",\"activ\":\"2\",\"karma1\":\"0\",\"karma2\":\"0\",\"msg\":\"EVENT_PARENT_ATTACHED\",\"msg_pers\":\"EVENT_PARENT_ATTACHED_PERS\"},\"child_attached\":{\"notif\":\"2\",\"activ\":\"2\",\"karma1\":\"0\",\"karma2\":\"0\",\"msg\":\"EVENT_CHILD_ATTACHED\",\"msg_pers\":\"EVENT_CHILD_ATTACHED_PERS\"},\"order_updated\":{\"notif\":\"2\",\"activ\":\"2\",\"karma1\":\"0\",\"karma2\":\"0\",\"msg\":\"EVENT_ORDER_UPDATED\",\"msg_pers\":\"EVENT_ORDER_UPDATED_PERS\"},\"new_sale\":{\"notif\":\"2\",\"activ\":\"2\",\"karma1\":\"0\",\"karma2\":\"0\",\"msg\":\"EVENT_NEW_SALE\",\"msg_pers\":\"EVENT_NEW_SALE_PERS\"},\"new_sale_manual\":{\"notif\":\"2\",\"activ\":\"2\",\"karma1\":\"0\",\"karma2\":\"0\",\"msg\":\"EVENT_NEW_SALE_MANUAL\",\"msg_pers\":\"EVENT_NEW_SALE_MANUAL_PERS\"}}}}","checked_out":"0","checked_out_time":"0000-00-00 00:00:00","access":"1","categories":"0","language":"*","descr_before":"","descr_after":null,"descr_full":"","link":"index.php?option=com_cobalt&view=records&section_id=11_\u043d\u043e\u0432\u043e\u0441\u0442\u0438&Itemid="},"8":{"id":"8","asset_id":"184","name":"\u041e\u0440\u0433\u0430\u043d\u0438\u0437\u0430\u0446\u0438\u0438","title":"","alias":"\u043e\u0440\u0433\u0430\u043d\u0438\u0437\u0430\u0446\u0438\u0438","description":"","published":"1","ordering":"4","image":"","image_position":"","params":"{\"general\":{\"status\":\"1\",\"status_msg\":\"This section is currently offline. Please, check back later.\",\"category_itemid\":\"\",\"noaccess_redirect\":\"\",\"orderby\":\"r.ctime DESC\",\"lang_mode\":\"0\",\"records_mode\":\"0\",\"filter_mode\":\"1\",\"cat_mode\":\"1\",\"can_display\":\"\",\"featured_first\":\"0\",\"marknew\":\"0\",\"show_future_records\":\"3\",\"show_past_records\":\"3\",\"show_restrict\":\"1\",\"show_children\":\"0\",\"have_unpublished\":\"1\",\"item_label\":\"item\",\"section_home_items\":\"1\",\"section_home_orderby\":\"r.ctime DESC\",\"home_featured_first\":\"0\",\"type\":[\"8\"],\"record_submit_limit\":\"0\",\"tmpl_markup\":\"main_template.3318a696180095a3a850f9d21a708f31\",\"tmpl_list\":[\"my_blog.c01ef6fbebd346e01f03a1e09ad50b4e\"],\"tmpl_category\":\"0\",\"tmpl_compare\":\"blog.fcbe2a1a904d88461490d4f79f9669e2\",\"tmpl_list_default\":\"default\"},\"more\":{\"search_mode\":\"3\",\"search_title\":\"1\",\"search_name\":\"0\",\"search_email\":\"0\",\"search_comments\":\"0\",\"feed_link\":\"1\",\"feed_link2\":\"1\",\"records_mode\":\"0\",\"feed_limit\":\"50\",\"orderby_rss\":\"r.ctime DESC\",\"feed_link_type\":\"1\",\"metadesc\":\"\",\"metakey\":\"\",\"author\":\"\",\"robots\":\"\"},\"personalize\":{\"personalize\":\"1\",\"records_mode\":\"0\",\"author_mode\":\"username\",\"breadcrumbs\":\"1\",\"post_anywhere\":\"0\",\"home_text\":\"See all artilces\",\"text_icon\":\"home.png\",\"onlinestatus\":\"1\",\"vip\":\"0\",\"novip\":\"3\",\"glod_amount\":\"250\",\"vip_gold\":\"vipGold.png\",\"vip_silver\":\"vipSilver.png\",\"vip_gray\":\"vipGray.png\",\"pcat_submit\":\"0\",\"pcat_limit\":\"10\",\"pcat_descr_length\":\"200\",\"pcat_icon\":\"1\",\"pcat_meta\":\"2\",\"allow_section_set\":\"1\",\"allow_change_header\":\"1\",\"allow_change_descr\":\"1\",\"user_sec_descr_length\":\"200\",\"allow_access_control\":\"1\",\"allow_access_control_add\":\"1\"},\"events\":{\"subscribe_section\":0,\"subscribe_category\":0,\"subscribe_record\":\"2\",\"subscribe_user\":\"2\",\"alerts\":\"1\",\"user_manage\":\"1\",\"event_date_format\":\"\",\"event_date_custom\":\"d M Y\",\"event\":{\"record_new\":{\"notif\":\"2\",\"activ\":\"2\",\"karma1\":\"0\",\"msg\":\"EVENT_RECORD_NEW\",\"msg_pers\":\"EVENT_RECORD_NEW_PERS\"},\"record_view\":{\"notif\":\"2\",\"activ\":\"2\",\"karma1\":\"0\",\"karma2\":\"0\",\"msg\":\"EVENT_RECORD_VIEW\",\"msg_pers\":\"EVENT_RECORD_VIEW_PERS\"},\"record_wait_approve\":{\"notif\":\"2\",\"activ\":\"2\",\"msg\":\"EVENT_RECORD_WAIT_APPROVE\",\"msg_pers\":\"EVENT_RECORD_WAIT_APPROVE_PERS\"},\"record_approved\":{\"notif\":\"2\",\"activ\":\"2\",\"karma1\":\"0\",\"karma2\":\"0\",\"msg\":\"EVENT_RECORD_APPROVED\",\"msg_pers\":\"EVENT_RECORD_APPROVED_PERS\"},\"record_edited\":{\"notif\":\"2\",\"activ\":\"2\",\"karma1\":\"0\",\"karma2\":\"0\",\"msg\":\"EVENT_RECORD_EDITED\",\"msg_pers\":\"EVENT_RECORD_EDITED_PERS\"},\"record_deleted\":{\"notif\":\"2\",\"activ\":\"2\",\"karma1\":\"0\",\"karma2\":\"0\",\"msg\":\"EVENT_RECORD_DELETED\",\"msg_pers\":\"EVENT_RECORD_DELETED_PERS\"},\"record_rated\":{\"notif\":\"2\",\"activ\":\"2\",\"karma1\":\"0\",\"karma2\":\"0\",\"msg\":\"EVENT_RECORD_RATED\",\"msg_pers\":\"EVENT_RECORD_RATED_PERS\"},\"record_expired\":{\"notif\":\"2\",\"activ\":\"2\",\"karma2\":\"0\",\"msg\":\"EVENT_RECORD_EXPIRED\",\"msg_pers\":\"EVENT_RECORD_EXPIRED_PERS\"},\"record_featured_expired\":{\"notif\":\"2\",\"activ\":\"2\",\"karma2\":\"0\",\"msg\":\"EVENT_RECORD_FEATURED_EXPIRED\",\"msg_pers\":\"EVENT_RECORD_FEATURED_EXPIRED_PERS\"},\"record_bookmarked\":{\"notif\":\"2\",\"activ\":\"2\",\"karma1\":\"0\",\"karma2\":\"0\",\"msg\":\"EVENT_RECORD_BOOKMARKED\",\"msg_pers\":\"EVENT_RECORD_BOOKMARKED_PERS\"},\"record_tagged\":{\"notif\":\"2\",\"activ\":\"2\",\"karma1\":\"0\",\"karma2\":\"0\",\"msg\":\"EVENT_RECORD_TAGGED\",\"msg_pers\":\"EVENT_RECORD_TAGGED_PERS\"},\"record_unpublished\":{\"notif\":\"2\",\"activ\":\"2\",\"karma1\":\"0\",\"karma2\":\"0\",\"msg\":\"EVENT_RECORD_UNPUBLISHED\",\"msg_pers\":\"EVENT_RECORD_UNPUBLISHED_PERS\"},\"record_featured\":{\"notif\":\"2\",\"activ\":\"2\",\"karma1\":\"0\",\"karma2\":\"0\",\"msg\":\"EVENT_RECORD_FEATURED\",\"msg_pers\":\"EVENT_RECORD_FEATURED_PERS\"},\"record_extended\":{\"notif\":\"2\",\"activ\":\"2\",\"karma1\":\"0\",\"karma2\":\"0\",\"msg\":\"EVENT_RECORD_EXTENDED\",\"msg_pers\":\"EVENT_RECORD_EXTENDED_PERS\"},\"record_reposted\":{\"notif\":\"2\",\"activ\":\"2\",\"karma1\":\"0\",\"karma2\":\"0\",\"msg\":\"EVENT_RECORD_REPOSTED\",\"msg_pers\":\"EVENT_RECORD_REPOSTED_PERS\"},\"record_posted\":{\"notif\":\"2\",\"activ\":\"2\",\"karma1\":\"0\",\"msg\":\"EVENT_RECORD_POSTED\",\"msg_pers\":\"EVENT_RECORD_POSTED_PERS\"},\"comment_new\":{\"notif\":\"2\",\"activ\":\"2\",\"karma1\":\"0\",\"karma2\":\"0\",\"msg\":\"EVENT_COMMENT_NEW\",\"msg_pers\":\"EVENT_COMMENT_NEW_PERS\"},\"comment_edited\":{\"notif\":\"2\",\"activ\":\"2\",\"karma1\":\"0\",\"karma2\":\"0\",\"msg\":\"EVENT_COMMENT_EDITED\",\"msg_pers\":\"EVENT_COMMENT_EDITED_PERS\"},\"comment_rated\":{\"notif\":\"2\",\"activ\":\"2\",\"karma1\":\"0\",\"karma2\":\"0\",\"msg\":\"EVENT_COMMENT_RATED\",\"msg_pers\":\"EVENT_COMMENT_RATED_PERS\"},\"comment_deleted\":{\"notif\":\"2\",\"activ\":\"2\",\"karma1\":\"0\",\"karma2\":\"0\",\"msg\":\"EVENT_COMMENT_DELETED\",\"msg_pers\":\"EVENT_COMMENT_DELETED_PERS\"},\"comment_approved\":{\"notif\":\"2\",\"activ\":\"2\",\"karma1\":\"0\",\"karma2\":\"0\",\"msg\":\"EVENT_COMMENT_APPROVED\",\"msg_pers\":\"EVENT_COMMENT_APPROVED_PERS\"},\"comment_reply\":{\"notif\":\"2\",\"activ\":\"2\",\"karma1\":\"0\",\"karma2\":\"0\",\"msg\":\"EVENT_COMMENT_REPLY\",\"msg_pers\":\"EVENT_COMMENT_REPLY_PERS\"},\"comment_unpublished\":{\"notif\":\"2\",\"activ\":\"2\",\"karma1\":\"0\",\"karma2\":\"0\",\"msg\":\"EVENT_COMMENT_UNPUBLISHED\",\"msg_pers\":\"EVENT_COMMENT_UNPUBLISHED_PERS\"},\"status_changed\":{\"notif\":\"2\",\"activ\":\"2\",\"karma1\":\"0\",\"karma2\":\"0\",\"msg\":\"EVENT_STATUS_CHANGED\",\"msg_pers\":\"EVENT_STATUS_CHANGED_PERS\"},\"parent_new\":{\"notif\":\"2\",\"activ\":\"2\",\"karma1\":\"0\",\"karma2\":\"0\",\"msg\":\"EVENT_PARENT_NEW\",\"msg_pers\":\"EVENT_PARENT_NEW_PERS\"},\"child_new\":{\"notif\":\"2\",\"activ\":\"2\",\"karma1\":\"0\",\"karma2\":\"0\",\"msg\":\"EVENT_CHILD_NEW\",\"msg_pers\":\"EVENT_CHILD_NEW_PERS\"},\"parent_attached\":{\"notif\":\"2\",\"activ\":\"2\",\"karma1\":\"0\",\"karma2\":\"0\",\"msg\":\"EVENT_PARENT_ATTACHED\",\"msg_pers\":\"EVENT_PARENT_ATTACHED_PERS\"},\"child_attached\":{\"notif\":\"2\",\"activ\":\"2\",\"karma1\":\"0\",\"karma2\":\"0\",\"msg\":\"EVENT_CHILD_ATTACHED\",\"msg_pers\":\"EVENT_CHILD_ATTACHED_PERS\"},\"order_updated\":{\"notif\":\"2\",\"activ\":\"2\",\"karma1\":\"0\",\"karma2\":\"0\",\"msg\":\"EVENT_ORDER_UPDATED\",\"msg_pers\":\"EVENT_ORDER_UPDATED_PERS\"},\"new_sale\":{\"notif\":\"2\",\"activ\":\"2\",\"karma1\":\"0\",\"karma2\":\"0\",\"msg\":\"EVENT_NEW_SALE\",\"msg_pers\":\"EVENT_NEW_SALE_PERS\"},\"new_sale_manual\":{\"notif\":\"2\",\"activ\":\"2\",\"karma1\":\"0\",\"karma2\":\"0\",\"msg\":\"EVENT_NEW_SALE_MANUAL\",\"msg_pers\":\"EVENT_NEW_SALE_MANUAL_PERS\"}}}}","checked_out":"0","checked_out_time":"0000-00-00 00:00:00","access":"1","categories":"0","language":"*","descr_before":"","descr_after":null,"descr_full":"","link":"index.php?option=com_cobalt&view=records&section_id=8_\u043e\u0440\u0433\u0430\u043d\u0438\u0437\u0430\u0446\u0438\u0438&Itemid="},"9":{"id":"9","asset_id":"194","name":"\u0420\u043e\u0434\u043e\u0441\u043b\u043e\u0432\u043d\u044b\u0435","title":"","alias":"\u0440\u043e\u0434\u043e\u0441\u043b\u043e\u0432\u043d\u044b\u0435","description":"","published":"1","ordering":"3","image":"","image_position":"","params":"{\"general\":{\"status\":\"1\",\"status_msg\":\"This section is currently offline. Please, check back later.\",\"category_itemid\":\"\",\"noaccess_redirect\":\"\",\"orderby\":\"r.ctime DESC\",\"lang_mode\":\"0\",\"records_mode\":\"0\",\"filter_mode\":\"1\",\"cat_mode\":\"1\",\"can_display\":\"\",\"featured_first\":\"0\",\"marknew\":\"0\",\"show_future_records\":\"3\",\"show_past_records\":\"3\",\"show_restrict\":\"1\",\"show_children\":\"0\",\"have_unpublished\":\"1\",\"item_label\":\"item\",\"section_home_items\":\"1\",\"section_home_orderby\":\"r.ctime DESC\",\"home_featured_first\":\"0\",\"type\":[\"9\"],\"record_submit_limit\":\"0\",\"tmpl_markup\":\"main_template.6d70d6970da2e9b1a143f0a361ab3471\",\"tmpl_list\":[\"blog.f1133e96e8e7a50e784561a557d40fca\"],\"tmpl_category\":\"0\",\"tmpl_compare\":\"blog.ed0373f3aa502ec085581b12b1e7cf16\",\"tmpl_list_default\":\"default\"},\"more\":{\"search_mode\":\"3\",\"search_title\":\"1\",\"search_name\":\"0\",\"search_email\":\"0\",\"search_comments\":\"0\",\"feed_link\":\"1\",\"feed_link2\":\"1\",\"records_mode\":\"0\",\"feed_limit\":\"50\",\"orderby_rss\":\"r.ctime DESC\",\"feed_link_type\":\"1\",\"metadesc\":\"\",\"metakey\":\"\",\"author\":\"\",\"robots\":\"\"},\"personalize\":{\"personalize\":\"1\",\"records_mode\":\"0\",\"author_mode\":\"username\",\"breadcrumbs\":\"1\",\"post_anywhere\":\"0\",\"home_text\":\"\\u0421\\u043c\\u043e\\u0442\\u0440\\u0435\\u0442\\u044c \\u0432\\u0441\\u0435 \\u0440\\u043e\\u0434\\u043e\\u0441\\u043b\\u043e\\u0432\\u043d\\u044b\\u0435\",\"text_icon\":\"home.png\",\"onlinestatus\":\"1\",\"vip\":\"0\",\"novip\":\"3\",\"glod_amount\":\"250\",\"vip_gold\":\"vipGold.png\",\"vip_silver\":\"vipSilver.png\",\"vip_gray\":\"vipGray.png\",\"pcat_submit\":\"0\",\"pcat_limit\":\"10\",\"pcat_descr_length\":\"200\",\"pcat_icon\":\"1\",\"pcat_meta\":\"2\",\"allow_section_set\":\"1\",\"allow_change_header\":\"1\",\"allow_change_descr\":\"1\",\"user_sec_descr_length\":\"200\",\"allow_access_control\":\"1\",\"allow_access_control_add\":\"1\"},\"events\":{\"subscribe_section\":0,\"subscribe_category\":0,\"subscribe_record\":\"2\",\"subscribe_user\":\"2\",\"alerts\":\"1\",\"user_manage\":\"1\",\"event_date_format\":\"\",\"event_date_custom\":\"d M Y\",\"event\":{\"record_new\":{\"notif\":\"2\",\"activ\":\"2\",\"karma1\":\"0\",\"msg\":\"EVENT_RECORD_NEW\",\"msg_pers\":\"EVENT_RECORD_NEW_PERS\"},\"record_view\":{\"notif\":\"2\",\"activ\":\"2\",\"karma1\":\"0\",\"karma2\":\"0\",\"msg\":\"EVENT_RECORD_VIEW\",\"msg_pers\":\"EVENT_RECORD_VIEW_PERS\"},\"record_wait_approve\":{\"notif\":\"2\",\"activ\":\"2\",\"msg\":\"EVENT_RECORD_WAIT_APPROVE\",\"msg_pers\":\"EVENT_RECORD_WAIT_APPROVE_PERS\"},\"record_approved\":{\"notif\":\"2\",\"activ\":\"2\",\"karma1\":\"0\",\"karma2\":\"0\",\"msg\":\"EVENT_RECORD_APPROVED\",\"msg_pers\":\"EVENT_RECORD_APPROVED_PERS\"},\"record_edited\":{\"notif\":\"2\",\"activ\":\"2\",\"karma1\":\"0\",\"karma2\":\"0\",\"msg\":\"EVENT_RECORD_EDITED\",\"msg_pers\":\"EVENT_RECORD_EDITED_PERS\"},\"record_deleted\":{\"notif\":\"2\",\"activ\":\"2\",\"karma1\":\"0\",\"karma2\":\"0\",\"msg\":\"EVENT_RECORD_DELETED\",\"msg_pers\":\"EVENT_RECORD_DELETED_PERS\"},\"record_rated\":{\"notif\":\"2\",\"activ\":\"2\",\"karma1\":\"0\",\"karma2\":\"0\",\"msg\":\"EVENT_RECORD_RATED\",\"msg_pers\":\"EVENT_RECORD_RATED_PERS\"},\"record_expired\":{\"notif\":\"2\",\"activ\":\"2\",\"karma2\":\"0\",\"msg\":\"EVENT_RECORD_EXPIRED\",\"msg_pers\":\"EVENT_RECORD_EXPIRED_PERS\"},\"record_featured_expired\":{\"notif\":\"2\",\"activ\":\"2\",\"karma2\":\"0\",\"msg\":\"EVENT_RECORD_FEATURED_EXPIRED\",\"msg_pers\":\"EVENT_RECORD_FEATURED_EXPIRED_PERS\"},\"record_bookmarked\":{\"notif\":\"2\",\"activ\":\"2\",\"karma1\":\"0\",\"karma2\":\"0\",\"msg\":\"EVENT_RECORD_BOOKMARKED\",\"msg_pers\":\"EVENT_RECORD_BOOKMARKED_PERS\"},\"record_tagged\":{\"notif\":\"2\",\"activ\":\"2\",\"karma1\":\"0\",\"karma2\":\"0\",\"msg\":\"EVENT_RECORD_TAGGED\",\"msg_pers\":\"EVENT_RECORD_TAGGED_PERS\"},\"record_unpublished\":{\"notif\":\"2\",\"activ\":\"2\",\"karma1\":\"0\",\"karma2\":\"0\",\"msg\":\"EVENT_RECORD_UNPUBLISHED\",\"msg_pers\":\"EVENT_RECORD_UNPUBLISHED_PERS\"},\"record_featured\":{\"notif\":\"2\",\"activ\":\"2\",\"karma1\":\"0\",\"karma2\":\"0\",\"msg\":\"EVENT_RECORD_FEATURED\",\"msg_pers\":\"EVENT_RECORD_FEATURED_PERS\"},\"record_extended\":{\"notif\":\"2\",\"activ\":\"2\",\"karma1\":\"0\",\"karma2\":\"0\",\"msg\":\"EVENT_RECORD_EXTENDED\",\"msg_pers\":\"EVENT_RECORD_EXTENDED_PERS\"},\"record_reposted\":{\"notif\":\"2\",\"activ\":\"2\",\"karma1\":\"0\",\"karma2\":\"0\",\"msg\":\"EVENT_RECORD_REPOSTED\",\"msg_pers\":\"EVENT_RECORD_REPOSTED_PERS\"},\"record_posted\":{\"notif\":\"2\",\"activ\":\"2\",\"karma1\":\"0\",\"msg\":\"EVENT_RECORD_POSTED\",\"msg_pers\":\"EVENT_RECORD_POSTED_PERS\"},\"comment_new\":{\"notif\":\"2\",\"activ\":\"2\",\"karma1\":\"0\",\"karma2\":\"0\",\"msg\":\"EVENT_COMMENT_NEW\",\"msg_pers\":\"EVENT_COMMENT_NEW_PERS\"},\"comment_edited\":{\"notif\":\"2\",\"activ\":\"2\",\"karma1\":\"0\",\"karma2\":\"0\",\"msg\":\"EVENT_COMMENT_EDITED\",\"msg_pers\":\"EVENT_COMMENT_EDITED_PERS\"},\"comment_rated\":{\"notif\":\"2\",\"activ\":\"2\",\"karma1\":\"0\",\"karma2\":\"0\",\"msg\":\"EVENT_COMMENT_RATED\",\"msg_pers\":\"EVENT_COMMENT_RATED_PERS\"},\"comment_deleted\":{\"notif\":\"2\",\"activ\":\"2\",\"karma1\":\"0\",\"karma2\":\"0\",\"msg\":\"EVENT_COMMENT_DELETED\",\"msg_pers\":\"EVENT_COMMENT_DELETED_PERS\"},\"comment_approved\":{\"notif\":\"2\",\"activ\":\"2\",\"karma1\":\"0\",\"karma2\":\"0\",\"msg\":\"EVENT_COMMENT_APPROVED\",\"msg_pers\":\"EVENT_COMMENT_APPROVED_PERS\"},\"comment_reply\":{\"notif\":\"2\",\"activ\":\"2\",\"karma1\":\"0\",\"karma2\":\"0\",\"msg\":\"EVENT_COMMENT_REPLY\",\"msg_pers\":\"EVENT_COMMENT_REPLY_PERS\"},\"comment_unpublished\":{\"notif\":\"2\",\"activ\":\"2\",\"karma1\":\"0\",\"karma2\":\"0\",\"msg\":\"EVENT_COMMENT_UNPUBLISHED\",\"msg_pers\":\"EVENT_COMMENT_UNPUBLISHED_PERS\"},\"status_changed\":{\"notif\":\"2\",\"activ\":\"2\",\"karma1\":\"0\",\"karma2\":\"0\",\"msg\":\"EVENT_STATUS_CHANGED\",\"msg_pers\":\"EVENT_STATUS_CHANGED_PERS\"},\"parent_new\":{\"notif\":\"2\",\"activ\":\"2\",\"karma1\":\"0\",\"karma2\":\"0\",\"msg\":\"EVENT_PARENT_NEW\",\"msg_pers\":\"EVENT_PARENT_NEW_PERS\"},\"child_new\":{\"notif\":\"2\",\"activ\":\"2\",\"karma1\":\"0\",\"karma2\":\"0\",\"msg\":\"EVENT_CHILD_NEW\",\"msg_pers\":\"EVENT_CHILD_NEW_PERS\"},\"parent_attached\":{\"notif\":\"2\",\"activ\":\"2\",\"karma1\":\"0\",\"karma2\":\"0\",\"msg\":\"EVENT_PARENT_ATTACHED\",\"msg_pers\":\"EVENT_PARENT_ATTACHED_PERS\"},\"child_attached\":{\"notif\":\"2\",\"activ\":\"2\",\"karma1\":\"0\",\"karma2\":\"0\",\"msg\":\"EVENT_CHILD_ATTACHED\",\"msg_pers\":\"EVENT_CHILD_ATTACHED_PERS\"},\"order_updated\":{\"notif\":\"2\",\"activ\":\"2\",\"karma1\":\"0\",\"karma2\":\"0\",\"msg\":\"EVENT_ORDER_UPDATED\",\"msg_pers\":\"EVENT_ORDER_UPDATED_PERS\"},\"new_sale\":{\"notif\":\"2\",\"activ\":\"2\",\"karma1\":\"0\",\"karma2\":\"0\",\"msg\":\"EVENT_NEW_SALE\",\"msg_pers\":\"EVENT_NEW_SALE_PERS\"},\"new_sale_manual\":{\"notif\":\"2\",\"activ\":\"2\",\"karma1\":\"0\",\"karma2\":\"0\",\"msg\":\"EVENT_NEW_SALE_MANUAL\",\"msg_pers\":\"EVENT_NEW_SALE_MANUAL_PERS\"}}}}","checked_out":"0","checked_out_time":"0000-00-00 00:00:00","access":"1","categories":"0","language":"*","descr_before":"","descr_after":null,"descr_full":"","link":"index.php?option=com_cobalt&view=records&section_id=9_\u0440\u043e\u0434\u043e\u0441\u043b\u043e\u0432\u043d\u044b\u0435&Itemid="}}