{"1":{"_trackAssets":true,"id":"1","name":"\u0421\u043e\u0431\u0430\u043a\u0430","params":"{\"properties\":{\"item_itemid\":\"\",\"item_compare\":\"0\",\"item_can_favorite\":\"2\",\"item_can_moderate\":\"3\",\"item_edit\":\"1\",\"item_delete\":\"1\",\"allow_extend\":\"0\",\"allow_hide\":\"0\",\"default_extend\":\"10\",\"item_expire_access\":\"3\",\"tmpl_article\":\"my_post.e15bdb3f85777343eb13eeac6f8f19a8\",\"tmpl_articleform\":\"my_form.42726007cf48a88dbff48a95dd765594\",\"tmpl_rating\":\"crown.0bd0ae28078b0a6e40c991f9af2bb780\",\"tmpl_comment\":\"default.9d7e28c576bd9a6817d6e559c54b6325\",\"item_can_view_tag\":\"1\",\"item_can_add_tag\":\"2\",\"item_can_attach_tag\":\"2\",\"item_tag_htmltags\":\"h1, h2, h3, h4, h5, h6, strong, em, b, i, big\",\"item_tag_relevance\":\"0\",\"item_tag_num\":\"0\",\"item_tags_max\":\"25\",\"item_title_unique\":\"0\",\"item_title\":\"2\",\"item_title_composite\":\"[2] ([3]) - [26]\",\"item_title_limit\":\"0\",\"rate_access\":\"0\",\"rate_access_author\":\"0\",\"rate_mode\":\"1\",\"rate_smart_before\":\"60\",\"rate_smart_minimum\":\"5\",\"rate_multirating\":\"0\",\"rate_multirating_options\":\"\",\"rate_multirating_tmpl\":\"default.php\",\"rate_multirating_sort\":\"2\"},\"submission\":{\"submission\":\"7\",\"can_edit\":\"-1\",\"access\":\"1\",\"public_edit\":\"1\",\"autopublish\":\"1\",\"edit_autopublish\":\"1\",\"redirect\":\"1\",\"redirect_url\":\"\",\"submit_msg\":\"JLIB_APPLICATION\",\"save_msg\":\"JLIB_APPLICATION\",\"default_expire\":\"0\",\"public_alert\":\"1\",\"limits_total\":\"0\",\"limits_day\":\"0\",\"allow_category\":\"1\",\"first_category\":\"0\",\"multi_category\":\"0\",\"multi_max_num\":\"3\",\"robots\":\"\"},\"category_limit\":{\"allow\":\"1\",\"category_limit_mode\":\"0\",\"show_restricted\":\"0\"},\"comments\":{\"comments\":\"\"},\"audit\":{\"audit_date_format\":\"\",\"audit_date_custom\":\"h:i A, d M Y\",\"versioning\":\"0\",\"versioning_max\":\"10\",\"audit_log\":\"0\",\"itemid\":\"\",\"al1\":{\"on\":\"1\",\"msg\":\"CAUDLOG1\"},\"al2\":{\"on\":\"1\",\"msg\":\"CAUDLOG2\"},\"al26\":{\"on\":\"1\",\"msg\":\"CAUDLOG26\"},\"al3\":{\"on\":\"1\",\"msg\":\"CAUDLOG3\"},\"al4\":{\"on\":\"1\",\"msg\":\"CAUDLOG4\"},\"al5\":{\"on\":\"1\",\"msg\":\"CAUDLOG5\"},\"al6\":{\"on\":\"1\",\"msg\":\"CAUDLOG6\"},\"al7\":{\"on\":\"1\",\"msg\":\"CAUDLOG7\"},\"al8\":{\"on\":\"1\",\"msg\":\"CAUDLOG8\"},\"al9\":{\"on\":\"1\",\"msg\":\"CAUDLOG9\"},\"al10\":{\"on\":\"1\",\"msg\":\"CAUDLOG10\"},\"al25\":{\"on\":\"1\",\"msg\":\"CAUDLOG25\"},\"al12\":{\"on\":\"1\",\"msg\":\"CAUDLOG12\"},\"al13\":{\"on\":\"1\",\"msg\":\"CAUDLOG13\"},\"al14\":{\"on\":\"1\",\"msg\":\"CAUDLOG14\"},\"al15\":{\"on\":\"1\",\"msg\":\"CAUDLOG15\"},\"al16\":{\"on\":\"1\",\"msg\":\"CAUDLOG16\"},\"al17\":{\"on\":\"1\",\"msg\":\"CAUDLOG17\"},\"al18\":{\"on\":\"1\",\"msg\":\"CAUDLOG18\"},\"al19\":{\"on\":\"1\",\"msg\":\"CAUDLOG19\"},\"al20\":{\"on\":\"1\",\"msg\":\"CAUDLOG20\"},\"al27\":{\"on\":\"1\",\"msg\":\"CAUDLOG27\"},\"al28\":{\"on\":\"1\",\"msg\":\"CAUDLOG28\"},\"al29\":{\"on\":\"1\",\"msg\":\"CAUDLOG29\"},\"al30\":{\"on\":\"1\",\"msg\":\"CAUDLOG30\"},\"al32\":{\"on\":\"1\",\"msg\":\"CAUDLOG31\"}},\"emerald\":{\"subscr_skip\":\"3\",\"subscr_author_skip\":\"1\",\"subscr_moderator_skip\":\"1\",\"type_display_subscription_msg\":\"You cannot see this article because article author subscritpion has expired.\",\"type_display_subscription_count\":\"0\",\"type_view_subscription_msg\":\"You cannot see this article because your subscritpion has expired.\",\"type_view_subscription_count\":\"0\",\"type_submit_subscription_msg\":\"To submit you need to be subscribed user and have following subscriptions\",\"type_ulimit_subscription_count\":\"0\",\"type_ulimit_count\":\"10\",\"type_edit_subscription_msg\":\"To edit you need to be subscribed user and have folowing subscriptions\",\"type_comment_subscription_msg\":\"To comment you need to be subscribed user and have folowing subscriptions\",\"type_multicat_subscription_msg\":\"To submit this item to multiple categories you have to be subscribed member.\",\"type_feature_subscription_msg\":\"To make record featured you need to be subscribed user and have folowing subscriptions\",\"type_feature_subscription_time\":\"30\",\"type_feature_unfeature\":\"2\",\"type_extend_subscription_msg\":\"To prolong you need to be subscribed user and have folowing subscriptions\",\"type_extend_subscription_count\":\"0\"}}","checked_out":"0","checked_out_time":"0000-00-00 00:00:00","published":"1","description":"\n","form":"form-19eab8ba3a68a8cf039e2c92567a614214948393","user_id":"48","asset_id":"68","language":"*"},"4":{"_trackAssets":true,"id":"4","name":"\u041f\u043e\u0440\u043e\u0434\u0430","params":"{\"properties\":{\"item_itemid\":\"\",\"item_compare\":\"0\",\"item_can_favorite\":\"2\",\"item_can_moderate\":\"3\",\"item_edit\":\"1\",\"item_delete\":\"1\",\"allow_extend\":\"0\",\"allow_hide\":\"0\",\"default_extend\":\"10\",\"item_expire_access\":\"3\",\"tmpl_article\":\"my_post.b5d0160352eb93f871149e00b260a5ad\",\"tmpl_articleform\":\"my_form.9a57a0920dac420c83b47065813662d7\",\"tmpl_rating\":\"jed.a12d6093e0abeefaa9e371912ca23f0d\",\"tmpl_comment\":\"default.7b1577ccb61a6a661196b1fef585ab11\",\"item_can_view_tag\":\"0\",\"item_can_add_tag\":\"0\",\"item_can_attach_tag\":\"2\",\"item_tag_htmltags\":\"h1, h2, h3, h4, h5, h6, strong, em, b, i, big\",\"item_tag_relevance\":\"0\",\"item_tag_num\":\"0\",\"item_tags_max\":\"25\",\"item_title_unique\":\"1\",\"item_title\":\"1\",\"item_title_composite\":\"\",\"item_title_limit\":\"0\",\"rate_access\":\"0\",\"rate_access_author\":\"0\",\"rate_mode\":\"1\",\"rate_smart_before\":\"60\",\"rate_smart_minimum\":\"5\",\"rate_multirating\":\"0\",\"rate_multirating_options\":\"\",\"rate_multirating_tmpl\":\"default.php\",\"rate_multirating_sort\":\"2\"},\"submission\":{\"submission\":\"3\",\"can_edit\":\"-1\",\"access\":\"1\",\"public_edit\":\"0\",\"autopublish\":\"1\",\"edit_autopublish\":\"1\",\"redirect\":\"1\",\"redirect_url\":\"\",\"submit_msg\":\"JLIB_APPLICATION\",\"save_msg\":\"JLIB_APPLICATION\",\"default_expire\":\"0\",\"public_alert\":\"1\",\"limits_total\":\"0\",\"limits_day\":\"0\",\"allow_category\":\"1\",\"first_category\":\"1\",\"multi_category\":\"0\",\"multi_max_num\":\"3\",\"robots\":\"\"},\"category_limit\":{\"allow\":\"1\",\"category_limit_mode\":\"0\",\"show_restricted\":\"0\"},\"comments\":{\"comments\":\"\"},\"audit\":{\"audit_date_format\":\"\",\"audit_date_custom\":\"h:i A, d M Y\",\"versioning\":\"0\",\"versioning_max\":\"10\",\"audit_log\":\"0\",\"itemid\":\"\",\"al1\":{\"on\":\"1\",\"msg\":\"CAUDLOG1\"},\"al2\":{\"on\":\"1\",\"msg\":\"CAUDLOG2\"},\"al26\":{\"on\":\"1\",\"msg\":\"CAUDLOG26\"},\"al3\":{\"on\":\"1\",\"msg\":\"CAUDLOG3\"},\"al4\":{\"on\":\"1\",\"msg\":\"CAUDLOG4\"},\"al5\":{\"on\":\"1\",\"msg\":\"CAUDLOG5\"},\"al6\":{\"on\":\"1\",\"msg\":\"CAUDLOG6\"},\"al7\":{\"on\":\"1\",\"msg\":\"CAUDLOG7\"},\"al8\":{\"on\":\"1\",\"msg\":\"CAUDLOG8\"},\"al9\":{\"on\":\"1\",\"msg\":\"CAUDLOG9\"},\"al10\":{\"on\":\"1\",\"msg\":\"CAUDLOG10\"},\"al25\":{\"on\":\"1\",\"msg\":\"CAUDLOG25\"},\"al12\":{\"on\":\"1\",\"msg\":\"CAUDLOG12\"},\"al13\":{\"on\":\"1\",\"msg\":\"CAUDLOG13\"},\"al14\":{\"on\":\"1\",\"msg\":\"CAUDLOG14\"},\"al15\":{\"on\":\"1\",\"msg\":\"CAUDLOG15\"},\"al16\":{\"on\":\"1\",\"msg\":\"CAUDLOG16\"},\"al17\":{\"on\":\"1\",\"msg\":\"CAUDLOG17\"},\"al18\":{\"on\":\"1\",\"msg\":\"CAUDLOG18\"},\"al19\":{\"on\":\"1\",\"msg\":\"CAUDLOG19\"},\"al20\":{\"on\":\"1\",\"msg\":\"CAUDLOG20\"},\"al27\":{\"on\":\"1\",\"msg\":\"CAUDLOG27\"},\"al28\":{\"on\":\"1\",\"msg\":\"CAUDLOG28\"},\"al29\":{\"on\":\"1\",\"msg\":\"CAUDLOG29\"},\"al30\":{\"on\":\"1\",\"msg\":\"CAUDLOG30\"},\"al32\":{\"on\":\"1\",\"msg\":\"CAUDLOG31\"}},\"emerald\":{\"subscr_skip\":\"3\",\"subscr_author_skip\":\"1\",\"subscr_moderator_skip\":\"1\",\"type_display_subscription_msg\":\"You cannot see this article because article author subscritpion has expired.\",\"type_display_subscription_count\":\"0\",\"type_view_subscription_msg\":\"You cannot see this article because your subscritpion has expired.\",\"type_view_subscription_count\":\"0\",\"type_submit_subscription_msg\":\"To submit you need to be subscribed user and have following subscriptions\",\"type_ulimit_subscription_count\":\"0\",\"type_ulimit_count\":\"10\",\"type_edit_subscription_msg\":\"To edit you need to be subscribed user and have folowing subscriptions\",\"type_comment_subscription_msg\":\"To comment you need to be subscribed user and have folowing subscriptions\",\"type_multicat_subscription_msg\":\"To submit this item to multiple categories you have to be subscribed member.\",\"type_feature_subscription_msg\":\"To make record featured you need to be subscribed user and have folowing subscriptions\",\"type_feature_subscription_time\":\"30\",\"type_feature_unfeature\":\"2\",\"type_extend_subscription_msg\":\"To prolong you need to be subscribed user and have folowing subscriptions\",\"type_extend_subscription_count\":\"0\"}}","checked_out":"0","checked_out_time":"0000-00-00 00:00:00","published":"1","description":"\n","form":"form-0efa8d8891630e92be964408f3b0abfa14948394","user_id":"48","asset_id":"71","language":"*"},"5":{"_trackAssets":true,"id":"5","name":"\u041f\u0438\u0442\u043e\u043c\u043d\u0438\u043a","params":"{\"properties\":{\"item_itemid\":\"\",\"item_compare\":\"0\",\"item_can_favorite\":\"2\",\"item_can_moderate\":\"3\",\"item_edit\":\"1\",\"item_delete\":\"1\",\"allow_extend\":\"0\",\"allow_hide\":\"0\",\"default_extend\":\"10\",\"item_expire_access\":\"3\",\"tmpl_article\":\"my_post.9f1150bcc4564093ae1ad4b44434521e\",\"tmpl_articleform\":\"my_form.7b88da031118c7451b81499c5adb2847\",\"tmpl_rating\":\"crown.c9878daccc4c6bd4901afa07ef460b5f\",\"tmpl_comment\":\"default.ddb39441b37e8415da517f23c6ca53bb\",\"item_can_view_tag\":\"1\",\"item_can_add_tag\":\"2\",\"item_can_attach_tag\":\"2\",\"item_tag_htmltags\":\"h1, h2, h3, h4, h5, h6, strong, em, b, i, big\",\"item_tag_relevance\":\"0\",\"item_tag_num\":\"0\",\"item_tags_max\":\"25\",\"item_title_unique\":\"0\",\"item_title\":\"2\",\"item_title_composite\":\"\\u041f\\u0438\\u0442\\u043e\\u043c\\u043d\\u0438\\u043a [137]\",\"item_title_limit\":\"0\",\"rate_access\":\"0\",\"rate_access_author\":\"0\",\"rate_mode\":\"1\",\"rate_smart_before\":\"60\",\"rate_smart_minimum\":\"5\",\"rate_multirating\":\"0\",\"rate_multirating_options\":\"\",\"rate_multirating_tmpl\":\"default.php\",\"rate_multirating_sort\":\"2\"},\"submission\":{\"submission\":\"8\",\"can_edit\":\"-1\",\"access\":\"1\",\"public_edit\":\"1\",\"autopublish\":\"1\",\"edit_autopublish\":\"1\",\"redirect\":\"1\",\"redirect_url\":\"\",\"submit_msg\":\"JLIB_APPLICATION\",\"save_msg\":\"JLIB_APPLICATION\",\"default_expire\":\"0\",\"public_alert\":\"1\",\"limits_total\":\"0\",\"limits_day\":\"0\",\"allow_category\":\"1\",\"first_category\":\"0\",\"multi_category\":\"0\",\"multi_max_num\":\"3\",\"robots\":\"\"},\"category_limit\":{\"allow\":\"1\",\"category_limit_mode\":\"0\",\"show_restricted\":\"0\"},\"comments\":{\"comments\":\"\"},\"audit\":{\"audit_date_format\":\"\",\"audit_date_custom\":\"h:i A, d M Y\",\"versioning\":\"0\",\"versioning_max\":\"10\",\"audit_log\":\"0\",\"itemid\":\"\",\"al1\":{\"on\":\"1\",\"msg\":\"CAUDLOG1\"},\"al2\":{\"on\":\"1\",\"msg\":\"CAUDLOG2\"},\"al26\":{\"on\":\"1\",\"msg\":\"CAUDLOG26\"},\"al3\":{\"on\":\"1\",\"msg\":\"CAUDLOG3\"},\"al4\":{\"on\":\"1\",\"msg\":\"CAUDLOG4\"},\"al5\":{\"on\":\"1\",\"msg\":\"CAUDLOG5\"},\"al6\":{\"on\":\"1\",\"msg\":\"CAUDLOG6\"},\"al7\":{\"on\":\"1\",\"msg\":\"CAUDLOG7\"},\"al8\":{\"on\":\"1\",\"msg\":\"CAUDLOG8\"},\"al9\":{\"on\":\"1\",\"msg\":\"CAUDLOG9\"},\"al10\":{\"on\":\"1\",\"msg\":\"CAUDLOG10\"},\"al25\":{\"on\":\"1\",\"msg\":\"CAUDLOG25\"},\"al12\":{\"on\":\"1\",\"msg\":\"CAUDLOG12\"},\"al13\":{\"on\":\"1\",\"msg\":\"CAUDLOG13\"},\"al14\":{\"on\":\"1\",\"msg\":\"CAUDLOG14\"},\"al15\":{\"on\":\"1\",\"msg\":\"CAUDLOG15\"},\"al16\":{\"on\":\"1\",\"msg\":\"CAUDLOG16\"},\"al17\":{\"on\":\"1\",\"msg\":\"CAUDLOG17\"},\"al18\":{\"on\":\"1\",\"msg\":\"CAUDLOG18\"},\"al19\":{\"on\":\"1\",\"msg\":\"CAUDLOG19\"},\"al20\":{\"on\":\"1\",\"msg\":\"CAUDLOG20\"},\"al27\":{\"on\":\"1\",\"msg\":\"CAUDLOG27\"},\"al28\":{\"on\":\"1\",\"msg\":\"CAUDLOG28\"},\"al29\":{\"on\":\"1\",\"msg\":\"CAUDLOG29\"},\"al30\":{\"on\":\"1\",\"msg\":\"CAUDLOG30\"},\"al32\":{\"on\":\"1\",\"msg\":\"CAUDLOG31\"}},\"emerald\":{\"subscr_skip\":\"3\",\"subscr_author_skip\":\"1\",\"subscr_moderator_skip\":\"1\",\"type_display_subscription_msg\":\"You cannot see this article because article author subscritpion has expired.\",\"type_display_subscription_count\":\"0\",\"type_view_subscription_msg\":\"You cannot see this article because your subscritpion has expired.\",\"type_view_subscription_count\":\"0\",\"type_submit_subscription_msg\":\"To submit you need to be subscribed user and have following subscriptions\",\"type_ulimit_subscription_count\":\"0\",\"type_ulimit_count\":\"10\",\"type_edit_subscription_msg\":\"To edit you need to be subscribed user and have folowing subscriptions\",\"type_comment_subscription_msg\":\"To comment you need to be subscribed user and have folowing subscriptions\",\"type_multicat_subscription_msg\":\"To submit this item to multiple categories you have to be subscribed member.\",\"type_feature_subscription_msg\":\"To make record featured you need to be subscribed user and have folowing subscriptions\",\"type_feature_subscription_time\":\"30\",\"type_feature_unfeature\":\"2\",\"type_extend_subscription_msg\":\"To prolong you need to be subscribed user and have folowing subscriptions\",\"type_extend_subscription_count\":\"0\"}}","checked_out":"0","checked_out_time":"0000-00-00 00:00:00","published":"1","description":"\n","form":"form-a4d564f6ecf4c38bf3586405f756a48615261173","user_id":"48","asset_id":"126","language":"*"},"3":{"_trackAssets":true,"id":"3","name":"\u0412\u0438\u0434\u0435\u043e\u0440\u043e\u043b\u0438\u043a","params":"{\"properties\":{\"item_itemid\":\"\",\"item_compare\":\"4\",\"item_can_favorite\":\"2\",\"item_can_moderate\":\"3\",\"item_edit\":\"1\",\"item_delete\":\"1\",\"allow_extend\":\"0\",\"allow_hide\":\"0\",\"default_extend\":\"10\",\"item_expire_access\":\"3\",\"tmpl_article\":\"default.73398224c4cf9b5a5b4484621727c65d\",\"tmpl_articleform\":\"my_form.6057173fdb6c8e3e9ff19eb331c7b642\",\"tmpl_rating\":\"crown.e94aef82734ebc3197f7b5be3ba5de27\",\"tmpl_comment\":\"default.2c9d42ac48ba54f745156b24e1c7b9ed\",\"item_can_view_tag\":\"1\",\"item_can_add_tag\":\"2\",\"item_can_attach_tag\":\"2\",\"item_tag_htmltags\":\"h1, h2, h3, h4, h5, h6, strong, em, b, i, big\",\"item_tag_relevance\":\"0\",\"item_tag_num\":\"0\",\"item_tags_max\":\"25\",\"item_title_unique\":\"0\",\"item_title\":\"1\",\"item_title_composite\":\"\",\"item_title_limit\":\"0\",\"rate_access\":\"0\",\"rate_access_author\":\"0\",\"rate_mode\":\"1\",\"rate_smart_before\":\"60\",\"rate_smart_minimum\":\"5\",\"rate_multirating\":\"0\",\"rate_multirating_options\":\"\",\"rate_multirating_tmpl\":\"default.php\",\"rate_multirating_sort\":\"2\"},\"submission\":{\"submission\":\"2\",\"can_edit\":\"-1\",\"access\":\"1\",\"public_edit\":\"1\",\"autopublish\":\"1\",\"edit_autopublish\":\"1\",\"redirect\":\"1\",\"redirect_url\":\"\",\"submit_msg\":\"JLIB_APPLICATION\",\"save_msg\":\"JLIB_APPLICATION\",\"default_expire\":\"0\",\"public_alert\":\"1\",\"limits_total\":\"0\",\"limits_day\":\"0\",\"allow_category\":\"1\",\"first_category\":\"0\",\"multi_category\":\"0\",\"multi_max_num\":\"3\",\"robots\":\"\"},\"category_limit\":{\"allow\":\"1\",\"category_limit_mode\":\"0\",\"show_restricted\":\"0\"},\"comments\":{\"comments\":\"\"},\"audit\":{\"audit_date_format\":\"\",\"audit_date_custom\":\"h:i A, d M Y\",\"versioning\":\"0\",\"versioning_max\":\"10\",\"audit_log\":\"0\",\"itemid\":\"\",\"al1\":{\"on\":\"1\",\"msg\":\"CAUDLOG1\"},\"al2\":{\"on\":\"1\",\"msg\":\"CAUDLOG2\"},\"al26\":{\"on\":\"1\",\"msg\":\"CAUDLOG26\"},\"al3\":{\"on\":\"1\",\"msg\":\"CAUDLOG3\"},\"al4\":{\"on\":\"1\",\"msg\":\"CAUDLOG4\"},\"al5\":{\"on\":\"1\",\"msg\":\"CAUDLOG5\"},\"al6\":{\"on\":\"1\",\"msg\":\"CAUDLOG6\"},\"al7\":{\"on\":\"1\",\"msg\":\"CAUDLOG7\"},\"al8\":{\"on\":\"1\",\"msg\":\"CAUDLOG8\"},\"al9\":{\"on\":\"1\",\"msg\":\"CAUDLOG9\"},\"al10\":{\"on\":\"1\",\"msg\":\"CAUDLOG10\"},\"al25\":{\"on\":\"1\",\"msg\":\"CAUDLOG25\"},\"al12\":{\"on\":\"1\",\"msg\":\"CAUDLOG12\"},\"al13\":{\"on\":\"1\",\"msg\":\"CAUDLOG13\"},\"al14\":{\"on\":\"1\",\"msg\":\"CAUDLOG14\"},\"al15\":{\"on\":\"1\",\"msg\":\"CAUDLOG15\"},\"al16\":{\"on\":\"1\",\"msg\":\"CAUDLOG16\"},\"al17\":{\"on\":\"1\",\"msg\":\"CAUDLOG17\"},\"al18\":{\"on\":\"1\",\"msg\":\"CAUDLOG18\"},\"al19\":{\"on\":\"1\",\"msg\":\"CAUDLOG19\"},\"al20\":{\"on\":\"1\",\"msg\":\"CAUDLOG20\"},\"al27\":{\"on\":\"1\",\"msg\":\"CAUDLOG27\"},\"al28\":{\"on\":\"1\",\"msg\":\"CAUDLOG28\"},\"al29\":{\"on\":\"1\",\"msg\":\"CAUDLOG29\"},\"al30\":{\"on\":\"1\",\"msg\":\"CAUDLOG30\"},\"al32\":{\"on\":\"1\",\"msg\":\"CAUDLOG31\"}},\"emerald\":{\"subscr_skip\":\"3\",\"subscr_author_skip\":\"1\",\"subscr_moderator_skip\":\"1\",\"type_display_subscription_msg\":\"You cannot see this article because article author subscritpion has expired.\",\"type_display_subscription_count\":\"0\",\"type_view_subscription_msg\":\"You cannot see this article because your subscritpion has expired.\",\"type_view_subscription_count\":\"0\",\"type_submit_subscription_msg\":\"To submit you need to be subscribed user and have following subscriptions\",\"type_ulimit_subscription_count\":\"0\",\"type_ulimit_count\":\"10\",\"type_edit_subscription_msg\":\"To edit you need to be subscribed user and have folowing subscriptions\",\"type_comment_subscription_msg\":\"To comment you need to be subscribed user and have folowing subscriptions\",\"type_multicat_subscription_msg\":\"To submit this item to multiple categories you have to be subscribed member.\",\"type_feature_subscription_msg\":\"To make record featured you need to be subscribed user and have folowing subscriptions\",\"type_feature_subscription_time\":\"30\",\"type_feature_unfeature\":\"2\",\"type_extend_subscription_msg\":\"To prolong you need to be subscribed user and have folowing subscriptions\",\"type_extend_subscription_count\":\"0\"}}","checked_out":"0","checked_out_time":"0000-00-00 00:00:00","published":"1","description":"\n","form":"form-2904010431bfe713c61c14d9bb7446aa14948394","user_id":"48","asset_id":"70","language":"*"},"2":{"_trackAssets":true,"id":"2","name":"\u0410\u043b\u044c\u0431\u043e\u043c","params":"{\"properties\":{\"item_itemid\":\"\",\"item_compare\":\"0\",\"item_can_favorite\":\"2\",\"item_can_moderate\":\"3\",\"item_edit\":\"1\",\"item_delete\":\"1\",\"allow_extend\":\"0\",\"allow_hide\":\"0\",\"default_extend\":\"10\",\"item_expire_access\":\"3\",\"tmpl_article\":\"default.8a91a69056bc58e063ee29f72ab29604\",\"tmpl_articleform\":\"my_form.0e7d77dd00b6fea142e8154b39a6598d\",\"tmpl_rating\":\"crown.bf8d8127291264d6c99edaf43504b657\",\"tmpl_comment\":\"default.e85748bdd491ca6a5816fa5dd117b1ff\",\"item_can_view_tag\":\"1\",\"item_can_add_tag\":\"2\",\"item_can_attach_tag\":\"2\",\"item_tag_htmltags\":\"h1, h2, h3, h4, h5, h6, strong, em, b, i, big\",\"item_tag_relevance\":\"0\",\"item_tag_num\":\"0\",\"item_tags_max\":\"25\",\"item_title_unique\":\"0\",\"item_title\":\"1\",\"item_title_composite\":\"\",\"item_title_limit\":\"0\",\"rate_access\":\"1\",\"rate_access_author\":\"0\",\"rate_mode\":\"1\",\"rate_smart_before\":\"60\",\"rate_smart_minimum\":\"5\",\"rate_multirating\":\"0\",\"rate_multirating_options\":\"\",\"rate_multirating_tmpl\":\"default.php\",\"rate_multirating_sort\":\"2\"},\"submission\":{\"submission\":\"2\",\"can_edit\":\"-1\",\"access\":\"1\",\"public_edit\":\"1\",\"autopublish\":\"1\",\"edit_autopublish\":\"1\",\"redirect\":\"1\",\"redirect_url\":\"\",\"submit_msg\":\"JLIB_APPLICATION\",\"save_msg\":\"JLIB_APPLICATION\",\"default_expire\":\"0\",\"public_alert\":\"1\",\"limits_total\":\"0\",\"limits_day\":\"0\",\"allow_category\":\"1\",\"first_category\":\"0\",\"multi_category\":\"0\",\"multi_max_num\":\"3\",\"robots\":\"\"},\"category_limit\":{\"allow\":\"1\",\"category_limit_mode\":\"0\",\"show_restricted\":\"0\"},\"comments\":{\"comments\":\"\"},\"audit\":{\"audit_date_format\":\"\",\"audit_date_custom\":\"h:i A, d M Y\",\"versioning\":\"0\",\"versioning_max\":\"10\",\"audit_log\":\"0\",\"itemid\":\"\",\"al1\":{\"on\":\"1\",\"msg\":\"CAUDLOG1\"},\"al2\":{\"on\":\"1\",\"msg\":\"CAUDLOG2\"},\"al26\":{\"on\":\"1\",\"msg\":\"CAUDLOG26\"},\"al3\":{\"on\":\"1\",\"msg\":\"CAUDLOG3\"},\"al4\":{\"on\":\"1\",\"msg\":\"CAUDLOG4\"},\"al5\":{\"on\":\"1\",\"msg\":\"CAUDLOG5\"},\"al6\":{\"on\":\"1\",\"msg\":\"CAUDLOG6\"},\"al7\":{\"on\":\"1\",\"msg\":\"CAUDLOG7\"},\"al8\":{\"on\":\"1\",\"msg\":\"CAUDLOG8\"},\"al9\":{\"on\":\"1\",\"msg\":\"CAUDLOG9\"},\"al10\":{\"on\":\"1\",\"msg\":\"CAUDLOG10\"},\"al25\":{\"on\":\"1\",\"msg\":\"CAUDLOG25\"},\"al12\":{\"on\":\"1\",\"msg\":\"CAUDLOG12\"},\"al13\":{\"on\":\"1\",\"msg\":\"CAUDLOG13\"},\"al14\":{\"on\":\"1\",\"msg\":\"CAUDLOG14\"},\"al15\":{\"on\":\"1\",\"msg\":\"CAUDLOG15\"},\"al16\":{\"on\":\"1\",\"msg\":\"CAUDLOG16\"},\"al17\":{\"on\":\"1\",\"msg\":\"CAUDLOG17\"},\"al18\":{\"on\":\"1\",\"msg\":\"CAUDLOG18\"},\"al19\":{\"on\":\"1\",\"msg\":\"CAUDLOG19\"},\"al20\":{\"on\":\"1\",\"msg\":\"CAUDLOG20\"},\"al27\":{\"on\":\"1\",\"msg\":\"CAUDLOG27\"},\"al28\":{\"on\":\"1\",\"msg\":\"CAUDLOG28\"},\"al29\":{\"on\":\"1\",\"msg\":\"CAUDLOG29\"},\"al30\":{\"on\":\"1\",\"msg\":\"CAUDLOG30\"},\"al32\":{\"on\":\"1\",\"msg\":\"CAUDLOG31\"}},\"emerald\":{\"subscr_skip\":\"3\",\"subscr_author_skip\":\"1\",\"subscr_moderator_skip\":\"1\",\"type_display_subscription_msg\":\"You cannot see this article because article author subscritpion has expired.\",\"type_display_subscription_count\":\"0\",\"type_view_subscription_msg\":\"You cannot see this article because your subscritpion has expired.\",\"type_view_subscription_count\":\"0\",\"type_submit_subscription_msg\":\"To submit you need to be subscribed user and have following subscriptions\",\"type_ulimit_subscription_count\":\"0\",\"type_ulimit_count\":\"10\",\"type_edit_subscription_msg\":\"To edit you need to be subscribed user and have folowing subscriptions\",\"type_comment_subscription_msg\":\"To comment you need to be subscribed user and have folowing subscriptions\",\"type_multicat_subscription_msg\":\"To submit this item to multiple categories you have to be subscribed member.\",\"type_feature_subscription_msg\":\"To make record featured you need to be subscribed user and have folowing subscriptions\",\"type_feature_subscription_time\":\"30\",\"type_feature_unfeature\":\"2\",\"type_extend_subscription_msg\":\"To prolong you need to be subscribed user and have folowing subscriptions\",\"type_extend_subscription_count\":\"0\"}}","checked_out":"0","checked_out_time":"0000-00-00 00:00:00","published":"1","description":"\n","form":"form-b9407ae097882e620f6c9bd7e50c62be14948393","user_id":"48","asset_id":"69","language":"*"},"6":{"_trackAssets":true,"id":"6","name":"\u041a\u043e\u043d\u0442\u0430\u043a\u0442","params":"{\"properties\":{\"item_itemid\":\"\",\"item_compare\":\"0\",\"item_can_favorite\":\"2\",\"item_can_moderate\":\"3\",\"item_edit\":\"1\",\"item_delete\":\"1\",\"allow_extend\":\"0\",\"allow_hide\":\"0\",\"default_extend\":\"10\",\"item_expire_access\":\"3\",\"tmpl_article\":\"default.9f1150bcc4564093ae1ad4b44434521e\",\"tmpl_articleform\":\"my_form.7b88da031118c7451b81499c5adb2847\",\"tmpl_rating\":\"default.f20f984393615f4e58e28c9da5c3a79e\",\"tmpl_comment\":\"default.ddb39441b37e8415da517f23c6ca53bb\",\"item_can_view_tag\":\"1\",\"item_can_add_tag\":\"2\",\"item_can_attach_tag\":\"2\",\"item_tag_htmltags\":\"h1, h2, h3, h4, h5, h6, strong, em, b, i, big\",\"item_tag_relevance\":\"0\",\"item_tag_num\":\"0\",\"item_tags_max\":\"25\",\"item_title_unique\":\"0\",\"item_title\":\"2\",\"item_title_composite\":\"[56] [57] [58]\",\"item_title_limit\":\"0\",\"rate_access\":\"0\",\"rate_access_author\":\"0\",\"rate_mode\":\"1\",\"rate_smart_before\":\"60\",\"rate_smart_minimum\":\"5\",\"rate_multirating\":\"0\",\"rate_multirating_options\":\"\",\"rate_multirating_tmpl\":\"default.php\",\"rate_multirating_sort\":\"2\"},\"submission\":{\"submission\":\"2\",\"can_edit\":\"-1\",\"access\":\"1\",\"public_edit\":\"1\",\"autopublish\":\"1\",\"edit_autopublish\":\"1\",\"redirect\":\"1\",\"redirect_url\":\"\",\"submit_msg\":\"JLIB_APPLICATION\",\"save_msg\":\"JLIB_APPLICATION\",\"default_expire\":\"0\",\"public_alert\":\"1\",\"limits_total\":\"0\",\"limits_day\":\"0\",\"allow_category\":\"1\",\"first_category\":\"0\",\"multi_category\":\"0\",\"multi_max_num\":\"3\",\"robots\":\"\"},\"category_limit\":{\"allow\":\"1\",\"category_limit_mode\":\"0\",\"show_restricted\":\"0\"},\"comments\":{\"comments\":\"\"},\"audit\":{\"audit_date_format\":\"\",\"audit_date_custom\":\"h:i A, d M Y\",\"versioning\":\"0\",\"versioning_max\":\"10\",\"audit_log\":\"0\",\"itemid\":\"\",\"al1\":{\"on\":\"1\",\"msg\":\"CAUDLOG1\"},\"al2\":{\"on\":\"1\",\"msg\":\"CAUDLOG2\"},\"al26\":{\"on\":\"1\",\"msg\":\"CAUDLOG26\"},\"al3\":{\"on\":\"1\",\"msg\":\"CAUDLOG3\"},\"al4\":{\"on\":\"1\",\"msg\":\"CAUDLOG4\"},\"al5\":{\"on\":\"1\",\"msg\":\"CAUDLOG5\"},\"al6\":{\"on\":\"1\",\"msg\":\"CAUDLOG6\"},\"al7\":{\"on\":\"1\",\"msg\":\"CAUDLOG7\"},\"al8\":{\"on\":\"1\",\"msg\":\"CAUDLOG8\"},\"al9\":{\"on\":\"1\",\"msg\":\"CAUDLOG9\"},\"al10\":{\"on\":\"1\",\"msg\":\"CAUDLOG10\"},\"al25\":{\"on\":\"1\",\"msg\":\"CAUDLOG25\"},\"al12\":{\"on\":\"1\",\"msg\":\"CAUDLOG12\"},\"al13\":{\"on\":\"1\",\"msg\":\"CAUDLOG13\"},\"al14\":{\"on\":\"1\",\"msg\":\"CAUDLOG14\"},\"al15\":{\"on\":\"1\",\"msg\":\"CAUDLOG15\"},\"al16\":{\"on\":\"1\",\"msg\":\"CAUDLOG16\"},\"al17\":{\"on\":\"1\",\"msg\":\"CAUDLOG17\"},\"al18\":{\"on\":\"1\",\"msg\":\"CAUDLOG18\"},\"al19\":{\"on\":\"1\",\"msg\":\"CAUDLOG19\"},\"al20\":{\"on\":\"1\",\"msg\":\"CAUDLOG20\"},\"al27\":{\"on\":\"1\",\"msg\":\"CAUDLOG27\"},\"al28\":{\"on\":\"1\",\"msg\":\"CAUDLOG28\"},\"al29\":{\"on\":\"1\",\"msg\":\"CAUDLOG29\"},\"al30\":{\"on\":\"1\",\"msg\":\"CAUDLOG30\"},\"al32\":{\"on\":\"1\",\"msg\":\"CAUDLOG31\"}},\"emerald\":{\"subscr_skip\":\"3\",\"subscr_author_skip\":\"1\",\"subscr_moderator_skip\":\"1\",\"type_display_subscription_msg\":\"You cannot see this article because article author subscritpion has expired.\",\"type_display_subscription_count\":\"0\",\"type_view_subscription_msg\":\"You cannot see this article because your subscritpion has expired.\",\"type_view_subscription_count\":\"0\",\"type_submit_subscription_msg\":\"To submit you need to be subscribed user and have following subscriptions\",\"type_ulimit_subscription_count\":\"0\",\"type_ulimit_count\":\"10\",\"type_edit_subscription_msg\":\"To edit you need to be subscribed user and have folowing subscriptions\",\"type_comment_subscription_msg\":\"To comment you need to be subscribed user and have folowing subscriptions\",\"type_multicat_subscription_msg\":\"To submit this item to multiple categories you have to be subscribed member.\",\"type_feature_subscription_msg\":\"To make record featured you need to be subscribed user and have folowing subscriptions\",\"type_feature_subscription_time\":\"30\",\"type_feature_unfeature\":\"2\",\"type_extend_subscription_msg\":\"To prolong you need to be subscribed user and have folowing subscriptions\",\"type_extend_subscription_count\":\"0\"}}","checked_out":"0","checked_out_time":"0000-00-00 00:00:00","published":"1","description":"\n","form":"form-a4d564f6ecf4c38bf3586405f756a48615261173","user_id":"48","asset_id":"145","language":"*"},"11":{"_trackAssets":true,"id":"11","name":"\u041d\u043e\u0432\u043e\u0441\u0442\u044c","params":"{\"properties\":{\"item_itemid\":\"\",\"item_compare\":\"0\",\"item_can_favorite\":\"2\",\"item_can_moderate\":\"3\",\"item_edit\":\"1\",\"item_delete\":\"1\",\"allow_extend\":\"0\",\"allow_hide\":\"0\",\"default_extend\":\"10\",\"item_expire_access\":\"3\",\"tmpl_article\":\"my_post.7bf4bc79dcf16dc8f743def5fb0c85e0\",\"tmpl_articleform\":\"my_form.89d465686602ff7e754658ea02d0ad7f\",\"tmpl_rating\":\"crown.8f8fb068a3766bd76a9b6d9d464d647a\",\"tmpl_comment\":\"default.aa672ecc6b7d6fea8e1d5e970ca7d434\",\"item_can_view_tag\":\"1\",\"item_can_add_tag\":\"2\",\"item_can_attach_tag\":\"2\",\"item_tag_htmltags\":\"h1, h2, h3, h4, h5, h6, strong, em, b, i, big\",\"item_tag_relevance\":\"0\",\"item_tag_num\":\"0\",\"item_tags_max\":\"25\",\"item_title_unique\":\"0\",\"item_title\":\"1\",\"item_title_composite\":\"\",\"item_title_limit\":\"0\",\"rate_access\":\"0\",\"rate_access_author\":\"0\",\"rate_mode\":\"1\",\"rate_smart_before\":\"60\",\"rate_smart_minimum\":\"5\",\"rate_multirating\":\"0\",\"rate_multirating_options\":\"\",\"rate_multirating_tmpl\":\"default.php\",\"rate_multirating_sort\":\"2\"},\"submission\":{\"submission\":\"2\",\"can_edit\":\"-1\",\"access\":\"1\",\"public_edit\":\"1\",\"autopublish\":\"1\",\"edit_autopublish\":\"1\",\"redirect\":\"1\",\"redirect_url\":\"\",\"submit_msg\":\"JLIB_APPLICATION\",\"save_msg\":\"JLIB_APPLICATION\",\"default_expire\":\"0\",\"public_alert\":\"1\",\"limits_total\":\"0\",\"limits_day\":\"0\",\"allow_category\":\"1\",\"first_category\":\"0\",\"multi_category\":\"0\",\"multi_max_num\":\"3\",\"robots\":\"\"},\"category_limit\":{\"allow\":\"1\",\"category_limit_mode\":\"0\",\"show_restricted\":\"0\"},\"comments\":{\"comments\":\"\"},\"audit\":{\"audit_date_format\":\"\",\"audit_date_custom\":\"h:i A, d M Y\",\"versioning\":\"0\",\"versioning_max\":\"10\",\"audit_log\":\"0\",\"itemid\":\"\",\"al1\":{\"on\":\"1\",\"msg\":\"CAUDLOG1\"},\"al2\":{\"on\":\"1\",\"msg\":\"CAUDLOG2\"},\"al26\":{\"on\":\"1\",\"msg\":\"CAUDLOG26\"},\"al3\":{\"on\":\"1\",\"msg\":\"CAUDLOG3\"},\"al4\":{\"on\":\"1\",\"msg\":\"CAUDLOG4\"},\"al5\":{\"on\":\"1\",\"msg\":\"CAUDLOG5\"},\"al6\":{\"on\":\"1\",\"msg\":\"CAUDLOG6\"},\"al7\":{\"on\":\"1\",\"msg\":\"CAUDLOG7\"},\"al8\":{\"on\":\"1\",\"msg\":\"CAUDLOG8\"},\"al9\":{\"on\":\"1\",\"msg\":\"CAUDLOG9\"},\"al10\":{\"on\":\"1\",\"msg\":\"CAUDLOG10\"},\"al25\":{\"on\":\"1\",\"msg\":\"CAUDLOG25\"},\"al12\":{\"on\":\"1\",\"msg\":\"CAUDLOG12\"},\"al13\":{\"on\":\"1\",\"msg\":\"CAUDLOG13\"},\"al14\":{\"on\":\"1\",\"msg\":\"CAUDLOG14\"},\"al15\":{\"on\":\"1\",\"msg\":\"CAUDLOG15\"},\"al16\":{\"on\":\"1\",\"msg\":\"CAUDLOG16\"},\"al17\":{\"on\":\"1\",\"msg\":\"CAUDLOG17\"},\"al18\":{\"on\":\"1\",\"msg\":\"CAUDLOG18\"},\"al19\":{\"on\":\"1\",\"msg\":\"CAUDLOG19\"},\"al20\":{\"on\":\"1\",\"msg\":\"CAUDLOG20\"},\"al27\":{\"on\":\"1\",\"msg\":\"CAUDLOG27\"},\"al28\":{\"on\":\"1\",\"msg\":\"CAUDLOG28\"},\"al29\":{\"on\":\"1\",\"msg\":\"CAUDLOG29\"},\"al30\":{\"on\":\"1\",\"msg\":\"CAUDLOG30\"},\"al32\":{\"on\":\"1\",\"msg\":\"CAUDLOG31\"}},\"emerald\":{\"subscr_skip\":\"3\",\"subscr_author_skip\":\"1\",\"subscr_moderator_skip\":\"1\",\"type_display_subscription_msg\":\"You cannot see this article because article author subscritpion has expired.\",\"type_display_subscription_count\":\"0\",\"type_view_subscription_msg\":\"You cannot see this article because your subscritpion has expired.\",\"type_view_subscription_count\":\"0\",\"type_submit_subscription_msg\":\"To submit you need to be subscribed user and have following subscriptions\",\"type_ulimit_subscription_count\":\"0\",\"type_ulimit_count\":\"10\",\"type_edit_subscription_msg\":\"To edit you need to be subscribed user and have folowing subscriptions\",\"type_comment_subscription_msg\":\"To comment you need to be subscribed user and have folowing subscriptions\",\"type_multicat_subscription_msg\":\"To submit this item to multiple categories you have to be subscribed member.\",\"type_feature_subscription_msg\":\"To make record featured you need to be subscribed user and have folowing subscriptions\",\"type_feature_subscription_time\":\"30\",\"type_feature_unfeature\":\"2\",\"type_extend_subscription_msg\":\"To prolong you need to be subscribed user and have folowing subscriptions\",\"type_extend_subscription_count\":\"0\"}}","checked_out":"0","checked_out_time":"0000-00-00 00:00:00","published":"1","description":"\n","form":"form-e1d08dd59f145584d8af5c85aaa6970315277549","user_id":"48","asset_id":"234","language":"*"},"8":{"_trackAssets":true,"id":"8","name":"\u041e\u0440\u0433\u0430\u043d\u0438\u0437\u0430\u0446\u0438\u044f","params":"{\"properties\":{\"item_itemid\":\"\",\"item_compare\":\"0\",\"item_can_favorite\":\"2\",\"item_can_moderate\":\"3\",\"item_edit\":\"1\",\"item_delete\":\"1\",\"allow_extend\":\"0\",\"allow_hide\":\"0\",\"default_extend\":\"10\",\"item_expire_access\":\"3\",\"tmpl_article\":\"my_post.aab5dbdf167d512fe3d852556afa0e8a\",\"tmpl_articleform\":\"my_form.d98d64d332a0f92514be5c7d72debbf5\",\"tmpl_rating\":\"crown.fcce58ca786e7b274978076a1f7e03ba\",\"tmpl_comment\":\"default.01c3e88dae83d2df41bdedd72f55b774\",\"item_can_view_tag\":\"1\",\"item_can_add_tag\":\"2\",\"item_can_attach_tag\":\"2\",\"item_tag_htmltags\":\"h1, h2, h3, h4, h5, h6, strong, em, b, i, big\",\"item_tag_relevance\":\"0\",\"item_tag_num\":\"0\",\"item_tags_max\":\"25\",\"item_title_unique\":\"0\",\"item_title\":\"2\",\"item_title_composite\":\"[71]\",\"item_title_limit\":\"0\",\"rate_access\":\"0\",\"rate_access_author\":\"0\",\"rate_mode\":\"1\",\"rate_smart_before\":\"60\",\"rate_smart_minimum\":\"5\",\"rate_multirating\":\"0\",\"rate_multirating_options\":\"\",\"rate_multirating_tmpl\":\"default.php\",\"rate_multirating_sort\":\"2\"},\"submission\":{\"submission\":\"10\",\"can_edit\":\"-1\",\"access\":\"1\",\"public_edit\":\"1\",\"autopublish\":\"1\",\"edit_autopublish\":\"1\",\"redirect\":\"1\",\"redirect_url\":\"\",\"submit_msg\":\"JLIB_APPLICATION\",\"save_msg\":\"JLIB_APPLICATION\",\"default_expire\":\"0\",\"public_alert\":\"1\",\"limits_total\":\"0\",\"limits_day\":\"0\",\"allow_category\":\"1\",\"first_category\":\"0\",\"multi_category\":\"0\",\"multi_max_num\":\"3\",\"robots\":\"\"},\"category_limit\":{\"allow\":\"1\",\"category_limit_mode\":\"0\",\"show_restricted\":\"0\"},\"comments\":{\"comments\":\"\"},\"audit\":{\"audit_date_format\":\"\",\"audit_date_custom\":\"h:i A, d M Y\",\"versioning\":\"0\",\"versioning_max\":\"10\",\"audit_log\":\"0\",\"itemid\":\"\",\"al1\":{\"on\":\"1\",\"msg\":\"CAUDLOG1\"},\"al2\":{\"on\":\"1\",\"msg\":\"CAUDLOG2\"},\"al26\":{\"on\":\"1\",\"msg\":\"CAUDLOG26\"},\"al3\":{\"on\":\"1\",\"msg\":\"CAUDLOG3\"},\"al4\":{\"on\":\"1\",\"msg\":\"CAUDLOG4\"},\"al5\":{\"on\":\"1\",\"msg\":\"CAUDLOG5\"},\"al6\":{\"on\":\"1\",\"msg\":\"CAUDLOG6\"},\"al7\":{\"on\":\"1\",\"msg\":\"CAUDLOG7\"},\"al8\":{\"on\":\"1\",\"msg\":\"CAUDLOG8\"},\"al9\":{\"on\":\"1\",\"msg\":\"CAUDLOG9\"},\"al10\":{\"on\":\"1\",\"msg\":\"CAUDLOG10\"},\"al25\":{\"on\":\"1\",\"msg\":\"CAUDLOG25\"},\"al12\":{\"on\":\"1\",\"msg\":\"CAUDLOG12\"},\"al13\":{\"on\":\"1\",\"msg\":\"CAUDLOG13\"},\"al14\":{\"on\":\"1\",\"msg\":\"CAUDLOG14\"},\"al15\":{\"on\":\"1\",\"msg\":\"CAUDLOG15\"},\"al16\":{\"on\":\"1\",\"msg\":\"CAUDLOG16\"},\"al17\":{\"on\":\"1\",\"msg\":\"CAUDLOG17\"},\"al18\":{\"on\":\"1\",\"msg\":\"CAUDLOG18\"},\"al19\":{\"on\":\"1\",\"msg\":\"CAUDLOG19\"},\"al20\":{\"on\":\"1\",\"msg\":\"CAUDLOG20\"},\"al27\":{\"on\":\"1\",\"msg\":\"CAUDLOG27\"},\"al28\":{\"on\":\"1\",\"msg\":\"CAUDLOG28\"},\"al29\":{\"on\":\"1\",\"msg\":\"CAUDLOG29\"},\"al30\":{\"on\":\"1\",\"msg\":\"CAUDLOG30\"},\"al32\":{\"on\":\"1\",\"msg\":\"CAUDLOG31\"}},\"emerald\":{\"subscr_skip\":\"3\",\"subscr_author_skip\":\"1\",\"subscr_moderator_skip\":\"1\",\"type_display_subscription_msg\":\"You cannot see this article because article author subscritpion has expired.\",\"type_display_subscription_count\":\"0\",\"type_view_subscription_msg\":\"You cannot see this article because your subscritpion has expired.\",\"type_view_subscription_count\":\"0\",\"type_submit_subscription_msg\":\"To submit you need to be subscribed user and have following subscriptions\",\"type_ulimit_subscription_count\":\"0\",\"type_ulimit_count\":\"10\",\"type_edit_subscription_msg\":\"To edit you need to be subscribed user and have folowing subscriptions\",\"type_comment_subscription_msg\":\"To comment you need to be subscribed user and have folowing subscriptions\",\"type_multicat_subscription_msg\":\"To submit this item to multiple categories you have to be subscribed member.\",\"type_feature_subscription_msg\":\"To make record featured you need to be subscribed user and have folowing subscriptions\",\"type_feature_subscription_time\":\"30\",\"type_feature_unfeature\":\"2\",\"type_extend_subscription_msg\":\"To prolong you need to be subscribed user and have folowing subscriptions\",\"type_extend_subscription_count\":\"0\"}}","checked_out":"0","checked_out_time":"0000-00-00 00:00:00","published":"1","description":"\n","form":"form-5e59106742fa3c8c5ae2ec11bbc53e6b15271676","user_id":"48","asset_id":"176","language":"*"},"9":{"_trackAssets":true,"id":"9","name":"\u0420\u043e\u0434\u043e\u0441\u043b\u043e\u0432\u043d\u0430\u044f","params":"{\"properties\":{\"item_itemid\":\"\",\"item_compare\":\"0\",\"item_can_favorite\":\"2\",\"item_can_moderate\":\"3\",\"item_edit\":\"1\",\"item_delete\":\"1\",\"allow_extend\":\"0\",\"allow_hide\":\"0\",\"default_extend\":\"10\",\"item_expire_access\":\"3\",\"tmpl_article\":\"default.76afe011d587424feb22bfe9d906236d\",\"tmpl_articleform\":\"my_form.7c6946542d559133c07c1410510ad6c7\",\"tmpl_rating\":\"crown.7c835f9485112cfbfde86ebd832fc6d1\",\"tmpl_comment\":\"default.189260ffd22d9fd3622591dffe5da270\",\"item_can_view_tag\":\"1\",\"item_can_add_tag\":\"2\",\"item_can_attach_tag\":\"2\",\"item_tag_htmltags\":\"h1, h2, h3, h4, h5, h6, strong, em, b, i, big\",\"item_tag_relevance\":\"0\",\"item_tag_num\":\"0\",\"item_tags_max\":\"25\",\"item_title_unique\":\"0\",\"item_title\":\"2\",\"item_title_composite\":\"\\u0420\\u043e\\u0434\\u043e\\u0441\\u043b\\u043e\\u0432\\u043d\\u0430\\u044f \\u2116 [86]\",\"item_title_limit\":\"0\",\"rate_access\":\"0\",\"rate_access_author\":\"0\",\"rate_mode\":\"1\",\"rate_smart_before\":\"60\",\"rate_smart_minimum\":\"5\",\"rate_multirating\":\"0\",\"rate_multirating_options\":\"\",\"rate_multirating_tmpl\":\"default.php\",\"rate_multirating_sort\":\"2\"},\"submission\":{\"submission\":\"7\",\"can_edit\":\"-1\",\"access\":\"1\",\"public_edit\":\"1\",\"autopublish\":\"1\",\"edit_autopublish\":\"1\",\"redirect\":\"1\",\"redirect_url\":\"\",\"submit_msg\":\"JLIB_APPLICATION\",\"save_msg\":\"JLIB_APPLICATION\",\"default_expire\":\"0\",\"public_alert\":\"1\",\"limits_total\":\"0\",\"limits_day\":\"0\",\"allow_category\":\"1\",\"first_category\":\"0\",\"multi_category\":\"0\",\"multi_max_num\":\"3\",\"robots\":\"\"},\"category_limit\":{\"allow\":\"1\",\"category_limit_mode\":\"0\",\"show_restricted\":\"0\"},\"comments\":{\"comments\":\"\"},\"audit\":{\"audit_date_format\":\"\",\"audit_date_custom\":\"h:i A, d M Y\",\"versioning\":\"0\",\"versioning_max\":\"10\",\"audit_log\":\"0\",\"itemid\":\"\",\"al1\":{\"on\":\"1\",\"msg\":\"CAUDLOG1\"},\"al2\":{\"on\":\"1\",\"msg\":\"CAUDLOG2\"},\"al26\":{\"on\":\"1\",\"msg\":\"CAUDLOG26\"},\"al3\":{\"on\":\"1\",\"msg\":\"CAUDLOG3\"},\"al4\":{\"on\":\"1\",\"msg\":\"CAUDLOG4\"},\"al5\":{\"on\":\"1\",\"msg\":\"CAUDLOG5\"},\"al6\":{\"on\":\"1\",\"msg\":\"CAUDLOG6\"},\"al7\":{\"on\":\"1\",\"msg\":\"CAUDLOG7\"},\"al8\":{\"on\":\"1\",\"msg\":\"CAUDLOG8\"},\"al9\":{\"on\":\"1\",\"msg\":\"CAUDLOG9\"},\"al10\":{\"on\":\"1\",\"msg\":\"CAUDLOG10\"},\"al25\":{\"on\":\"1\",\"msg\":\"CAUDLOG25\"},\"al12\":{\"on\":\"1\",\"msg\":\"CAUDLOG12\"},\"al13\":{\"on\":\"1\",\"msg\":\"CAUDLOG13\"},\"al14\":{\"on\":\"1\",\"msg\":\"CAUDLOG14\"},\"al15\":{\"on\":\"1\",\"msg\":\"CAUDLOG15\"},\"al16\":{\"on\":\"1\",\"msg\":\"CAUDLOG16\"},\"al17\":{\"on\":\"1\",\"msg\":\"CAUDLOG17\"},\"al18\":{\"on\":\"1\",\"msg\":\"CAUDLOG18\"},\"al19\":{\"on\":\"1\",\"msg\":\"CAUDLOG19\"},\"al20\":{\"on\":\"1\",\"msg\":\"CAUDLOG20\"},\"al27\":{\"on\":\"1\",\"msg\":\"CAUDLOG27\"},\"al28\":{\"on\":\"1\",\"msg\":\"CAUDLOG28\"},\"al29\":{\"on\":\"1\",\"msg\":\"CAUDLOG29\"},\"al30\":{\"on\":\"1\",\"msg\":\"CAUDLOG30\"},\"al32\":{\"on\":\"1\",\"msg\":\"CAUDLOG31\"}},\"emerald\":{\"subscr_skip\":\"3\",\"subscr_author_skip\":\"1\",\"subscr_moderator_skip\":\"1\",\"type_display_subscription_msg\":\"You cannot see this article because article author subscritpion has expired.\",\"type_display_subscription_count\":\"0\",\"type_view_subscription_msg\":\"You cannot see this article because your subscritpion has expired.\",\"type_view_subscription_count\":\"0\",\"type_submit_subscription_msg\":\"To submit you need to be subscribed user and have following subscriptions\",\"type_ulimit_subscription_count\":\"0\",\"type_ulimit_count\":\"10\",\"type_edit_subscription_msg\":\"To edit you need to be subscribed user and have folowing subscriptions\",\"type_comment_subscription_msg\":\"To comment you need to be subscribed user and have folowing subscriptions\",\"type_multicat_subscription_msg\":\"To submit this item to multiple categories you have to be subscribed member.\",\"type_feature_subscription_msg\":\"To make record featured you need to be subscribed user and have folowing subscriptions\",\"type_feature_subscription_time\":\"30\",\"type_feature_unfeature\":\"2\",\"type_extend_subscription_msg\":\"To prolong you need to be subscribed user and have folowing subscriptions\",\"type_extend_subscription_count\":\"0\"}}","checked_out":"0","checked_out_time":"0000-00-00 00:00:00","published":"1","description":"\n","form":"form-a85f51c8fd6b443c0f98cad716b2aac015274260","user_id":"48","asset_id":"193","language":"*"}}