{"48":{"id":"48","name":"Super User","username":"dimavz","email":"zatulenko@gmail.com","password":"$2y$10$hcaTdf8pwSF8gXLoQauXdOgiqDuJA4eT\/c0C1pXC037kOle2SXu4S","block":"0","sendEmail":"1","registerDate":"2017-05-15 08:46:38","lastvisitDate":"2018-09-03 14:23:27","activation":"0","params":"{\"admin_style\":\"\",\"admin_language\":\"ru-RU\",\"language\":\"ru-RU\",\"editor\":\"\",\"helpsite\":\"\",\"timezone\":\"Europe\\\/Minsk\",\"update_cache_list\":1}","lastResetTime":"0000-00-00 00:00:00","resetCount":"0","otpKey":"","otep":"","requireReset":"0"},"49":{"id":"49","name":"\u0422\u0435\u0441\u0442","username":"test","email":"test@mail.ru","password":"$2y$10$SnqEiqeopU69SkI\/6rdYtO5NBa.RBLM2SJb4nNXDGXbLxFdyX2K0G","block":"0","sendEmail":"0","registerDate":"2017-05-15 09:23:36","lastvisitDate":"2018-09-03 09:13:12","activation":"","params":"{\"admin_style\":\"\",\"admin_language\":\"\",\"language\":\"\",\"editor\":\"\",\"helpsite\":\"\",\"timezone\":\"\",\"update_cache_list\":1}","lastResetTime":"0000-00-00 00:00:00","resetCount":"0","otpKey":"","otep":"","requireReset":"0"},"52":{"id":"52","name":"pitomnik","username":"pitomnik","email":"pitomnik@mail.ru","password":"$2y$10$r8YCl4ZxywhCLy1CT8hAX.g25c3LcjZfHh9kRHHHgHN2\/Dkg6fzk2","block":"0","sendEmail":"0","registerDate":"2018-05-12 09:35:21","lastvisitDate":"2018-09-03 13:40:48","activation":"","params":"{\"update_cache_list\":1}","lastResetTime":"0000-00-00 00:00:00","resetCount":"0","otpKey":"","otep":"","requireReset":"0"},"54":{"id":"54","name":"\u0421\u041e\u041e \u0411\u041a\u041e","username":"organization","email":"organization@mail.ru","password":"$2y$10$Ocj4NEZVtstKXvmDkWJ0te2aGHK5vZ0dT6YlSTSFq8wGI3nLW\/7jG","block":"0","sendEmail":"0","registerDate":"2018-05-24 13:12:15","lastvisitDate":"2018-09-03 12:59:00","activation":"","params":"{\"update_cache_list\":1,\"language\":\"\",\"timezone\":\"\"}","lastResetTime":"0000-00-00 00:00:00","resetCount":"0","otpKey":"","otep":"","requireReset":"0"}}