<?xml version="1.0" encoding="utf-8"?>
<social type="apps" group="page">
	<name>Audio</name>
	<element>audios</element>
	<author>Stack Ideas Sdn Bhd</author>
	<url>http://stackideas.com</url>
	<created>17th August 2017</created>
	<version>2.1.19</version>
	<copyright>Copyright (C) 2010 - 2017 Stack Ideas Sdn Bhd</copyright>
	<license>http://www.gnu.org/licenses/gpl-2.0.html GNU/GPL</license>
	<description><![CDATA[APP_AUDIO_APP_DESCRIPTION]]></description>
	<installable>false</installable>
	<core>true</core>
	<widget>true</widget>
	<system>false</system>
	<files>
		<folder>assets</folder>
		<folder>config</folder>
		<folder>controllers</folder>
		<folder>hooks</folder>
		<folder>widgets</folder>
		<file>audios.php</file>
		<file>audios.xml</file>
	</files>
</social>
