<?xml version="1.0" encoding="utf-8"?>
<social type="fields" group="event">
    <name>Tasks</name>
    <element>tasks</element>
    <author>Stack Ideas Sdn Bhd</author>
    <url>https://stackideas.com</url>
    <created>29th June 2017</created>
    <version>2.1.19</version>
    <copyright>Copyright (c) 2009 - 2017 Stack Ideas Sdn. Bhd.</copyright>
    <license>http://www.gnu.org/licenses/gpl-2.0.html GNU/GPL</license>
    <description><![CDATA[PLG_FIELDS_EVENT_FILES_INFO]]></description>
    <core>true</core>
    <unique>true</unique>
    <files>
		<folder>config</folder>
		<folder>themes</folder>
		<file>tasks.php</file>
		<file>tasks.xml</file>
	</files>
    
</social>
