<?xml version="1.0" encoding="utf-8"?>
<social type="fields" group="user">
	<name>Kunena Signature</name>
	<element>kunena_signature</element>
	<author>Stack Ideas Sdn Bhd</author>
	<url>http://stackideas.com</url>
	<created>31/10/2013</created>
	<version>2.0.166</version>
	<copyright>Copyright (c) 2009 - 2013 Stack Ideas Sdn. Bhd.</copyright>
	<license>http://www.gnu.org/licenses/gpl-2.0.html GNU/GPL</license>
	<description><![CDATA[PLG_FIELDS_KUNENA_SIGNATURE_INFO]]></description>
	<core>false</core>
	<unique>true</unique>
	<files>
		<folder>config</folder>
		<file>kunena_signature.php</file>
		<file>kunena_signature.xml</file>
	</files>
	
</social>
