[
	{
		"title" : "COM_EASYSOCIAL_APPS_SETTINGS_STREAM",
		"desc" : "COM_EASYSOCIAL_APPS_SETTINGS_STREAM_DESC",
		"fields" :
		[
			{
				"label" : "COM_EASYSOCIAL_APPS_SETTINGS_DISPLAY_STREAM_FILTER",
				"tooltip" : "COM_EASYSOCIAL_APPS_SETTINGS_DISPLAY_STREAM_FILTER_DESC",
				"name" : "stream_filter",
				"type" : "boolean",
				"default" : true
			},
			{
				"label" : "APP_USER_FEEDS_SETTINGS_STREAM_NEW_FEED",
				"tooltip" : "APP_USER_FEEDS_SETTINGS_STREAM_NEW_FEED_DESC",
				"name" : "stream_create",
				"type" : "boolean",
				"default" : true
			}
		]
	},
	{
		"title" : "APP_USER_FEEDS_SETTINGS_PROFILE",
		"desc" : "APP_USER_FEEDS_SETTINGS_PROFILE_DESC",
		"fields"	:
		[
			{
				"label" : "APP_USER_FEEDS_SETTINGS_PROFILE_TOTAL_DISPLAY",
				"tooltip" : "APP_USER_FEEDS_SETTINGS_PROFILE_TOTAL_DISPLAY_DESC",
				"name" : "total",
				"type" : "text",
				"class" : "input-short text-center",
				"default" : 5
			}
		]
	}
]
