<?xml version="1.0" encoding="utf-8"?>
<social type="fields" group="user">
	<name>Autocomplete</name>
	<element>autocomplete</element>
	<author>Stack Ideas Sdn Bhd</author>
	<url>http://stackideas.com</url>
	<created>29/07/2015</created>
	<version>2.0.166</version>
	<copyright>Copyright (c) 2009 - 2013 Stack Ideas Sdn. Bhd.</copyright>
	<license>http://www.gnu.org/licenses/gpl-2.0.html GNU/GPL</license>
	<description><![CDATA[PLG_FIELDS_USER_AUTOCOMPLETE]]></description>
	<core>false</core>
	<unique>false</unique>
	<files>
		<folder>config</folder>
		<folder>themes</folder>
		<file>ajax.php</file>
		<file>autocomplete.php</file>
		<file>autocomplete.xml</file>
		<file>helper.php</file>
	</files>
</social>
