{"alerts":{"paths":["admin","site","apps","fields","plugins","modules"]},"buttons":{"primary":"#428bca","success":"#39b54a","standard":"#333333","danger":"#d9534f"},"general":{"key":"","ajaxindex":true,"environment":"static","jquery":true,"mode":"compressed","inline":false,"super":false,"profiler":false,"logger":false,"automatic":{"purge":true},"site":{"loginemail":true,"login":"","logout":"","lockdown":{"enabled":false,"registration":false},"twofactor":false},"url":{"purge":true,"interval":"1"},"cron":{"secure":false,"key":"","limit":20},"location":{"language":"en","proximity":{"unit":"mile"}},"layout":{"toolbar":true,"toolbarguests":true,"toolbarsearch":true,"toolbarbrowse":true},"cdn":{"url":"","passive":false}},"pages":{"enabled":true,"editor":"none","invite":{"nonfriends":false},"item":{"display":"timeline"},"category":{"header":true},"layout":{"description":true,"listingdesc":true},"feed":{"includeadmin":true},"sharing":{"showprivate":true}},"groups":{"enabled":true,"editor":"none","invite":{"nonfriends":false},"item":{"display":"timeline"},"category":{"header":true},"layout":{"hits":true,"description":true,"listingdesc":true},"feed":{"includeadmin":true},"sharing":{"showprivate":true}},"antispam":{"recaptcha":{"public":"","private":""},"akismet":{"key":"dff980f9f600"},"mollom":{"public":"","private":"","servers":""}},"conversations":{"enabled":1,"akismet":1,"typing":1,"archiving":1,"editor":"","locations":1,"multiple":1,"nonfriend":false,"entersubmit":false,"mass":{"enabled":false},"attachments":{"enabled":1,"types":["txt","jpg","png","gif","zip","pdf"],"maxsize":3,"storage":"\/media\/com_easysocial\/uploads\/conversations"},"sorting":"lastreplied","ordering":"desc","layout":{"intro":200},"conversekit":{"links":true}},"email":{"html":1,"heading":{"company":"Stack Ideas Sdn Bhd"}},"links":{"parser":{"validate":false,"tld":"rocks,aero,asia,berlin,biz,cat,com,blog,coop,deals,discount,edu,expert,gov,guru,club,info,int,jobs,mil,mobi,museum,name,net,org,pro,tel,travel,shopping,ac,ad,ae,af,ag,ai,al,am,an,ao,aq,ar,as,at,au,aw,ax,az,ba,bb,bd,be,bf,bg,bh,bi,bj,bm,bn,bo,br,bs,bt,bv,bw,by,bz,ca,cc,cd,cf,cg,ch,ci,ck,cl,cm,cn,co,cr,cu,cv,cx,cy,cz,cz,de,dj,dk,dm,do,dz,ec,ee,eg,er,es,et,eu,fi,fj,fk,fm,fo,fr,ga,gb,gd,ge,gf,gg,gh,gi,gl,gm,gn,gp,gq,gr,gs,gt,gu,gw,gy,hk,hm,hn,hr,ht,hu,id,ie,il,im,in,io,iq,ir,is,it,je,jm,jo,jp,ke,kg,kh,ki,km,kn,kp,kr,kw,ky,kz,la,lb,lc,li,lk,lr,ls,lt,lu,lv,ly,ma,mc,md,me,mg,mh,mk,ml,mn,mn,mo,mp,mr,ms,mt,mu,mv,mw,mx,my,mz,na,nc,ne,nf,ng,ni,nl,no,np,nr,nu,nz,nom,pa,pe,pf,pg,ph,pk,pl,pm,pn,pr,ps,pt,pw,py,qa,re,ra,rs,ru,ro,rw,sa,sb,sc,sd,se,sg,sh,si,sj,sj,sk,sl,sm,sn,so,sr,st,su,sv,sy,sz,tc,td,tf,tg,th,tj,tk,tl,tm,tn,to,tp,tr,tt,tv,tw,tz,ua,ug,uk,us,uy,uz,va,vc,ve,vg,vi,vn,vu,wf,ws,ye,yt,yu,za,zm,zw,arpa,guru,live,today,bio,xxx"},"cache":{"images":false,"location":"\/media\/com_easysocial\/cache\/links","data":true,"cleanup":{"enabled":true,"duration":3}}},"login":{"custom":{"image":false}},"notifications":{"general":{"pagination":10},"broadcast":{"popup":true,"interval":15,"sticky":true,"period":8},"system":{"autoread":false,"enabled":true,"polling":30},"friends":{"enabled":true,"polling":30},"conversation":{"enabled":true,"polling":30},"cleanup":{"enabled":false,"duration":6},"polling":{"interval":2}},"seo":{"clusters":{"allowduplicatetitle":true}},"reports":{"enabled":true,"automation":true,"threshold":30,"maxip":5,"guests":false,"features":{"stream":true,"user":true,"comments":true},"notifications":{"moderators":true,"custom":false,"emails":""}},"storage":{"avatar":"joomla","photos":"joomla","files":"joomla","links":"joomla","videos":"joomla","audios":"joomla","joomla":{"limit":10},"amazon":{"access":"","secret":"","bucket":"","ssl":true,"limit":10,"upload":{"photo":false},"delete":true,"region":"","class":""}},"photos":{"enabled":true,"quality":80,"downloads":true,"original":true,"location":true,"import":{"exif":true},"popup":{"default":true},"storage":{"container":"\/media\/com_easysocial\/photos"},"uploader":{"maxsize":"32","quality":100},"pagination":{"photo":10,"album":10},"exif":["aperture","iso","exposure","copyright","camera","focalLength"],"layout":{"size":"large","mode":"cover","pattern":"tile","threshold":128,"albumlimit":10,"ratio":"4x3","sidebarlimit":20,"ordering":"desc"},"gif":{"enabled":false}},"avatars":{"storage":{"container":"\/media\/com_easysocial\/avatars","default":"defaults","defaults":{"profiles":"profiles"},"user":"users","group":"group","event":"event","page":"page","clusters":"clusters","profiles":"profiles"},"default":{"user":{"small":"\/media\/com_easysocial\/defaults\/avatars\/user\/small.png","medium":"\/media\/com_easysocial\/defaults\/avatars\/user\/medium.png","large":"\/media\/com_easysocial\/defaults\/avatars\/user\/large.png","square":"\/media\/com_easysocial\/defaults\/avatars\/user\/square.png"},"profiles":{"small":"\/media\/com_easysocial\/defaults\/avatars\/profiles\/small.png","medium":"\/media\/com_easysocial\/defaults\/avatars\/profiles\/medium.png","large":"\/media\/com_easysocial\/defaults\/avatars\/profiles\/large.png","square":"\/media\/com_easysocial\/defaults\/avatars\/profiles\/square.png"},"group":{"small":"\/media\/com_easysocial\/defaults\/avatars\/group\/small.png","medium":"\/media\/com_easysocial\/defaults\/avatars\/group\/medium.png","large":"\/media\/com_easysocial\/defaults\/avatars\/group\/large.png","square":"\/media\/com_easysocial\/defaults\/avatars\/group\/square.png"},"page":{"small":"\/media\/com_easysocial\/defaults\/avatars\/page\/small.png","medium":"\/media\/com_easysocial\/defaults\/avatars\/page\/medium.png","large":"\/media\/com_easysocial\/defaults\/avatars\/page\/large.png","square":"\/media\/com_easysocial\/defaults\/avatars\/page\/square.png"},"event":{"small":"\/media\/com_easysocial\/defaults\/avatars\/event\/small.png","medium":"\/media\/com_easysocial\/defaults\/avatars\/event\/medium.png","large":"\/media\/com_easysocial\/defaults\/avatars\/event\/large.png","square":"\/media\/com_easysocial\/defaults\/avatars\/event\/square.png"},"clusterscategory":{"small":"\/media\/com_easysocial\/defaults\/avatars\/clusterscategory\/small.png","medium":"\/media\/com_easysocial\/defaults\/avatars\/clusterscategory\/medium.png","large":"\/media\/com_easysocial\/defaults\/avatars\/clusterscategory\/large.png","square":"\/media\/com_easysocial\/defaults\/avatars\/clusterscategory\/square.png"}}},"connector":{"client":"curl"},"covers":{"storage":{"container":"\/media\/com_easysocial\/covers","default":"defaults","defaults":{"profiles":"profiles"},"user":"users","group":"group","page":"page","event":"event","profiles":"profiles","clusters":"clusters"},"default":{"user":{"default":"\/media\/com_easysocial\/defaults\/covers\/user\/default.jpg"},"group":{"default":"\/media\/com_easysocial\/defaults\/covers\/group\/default.jpg"},"page":{"default":"\/media\/com_easysocial\/defaults\/covers\/page\/default.jpg"},"event":{"default":"\/media\/com_easysocial\/defaults\/covers\/event\/default.jpg"}}},"files":{"storage":{"container":"\/media\/com_easysocial\/files","fields":{"container":"fields","user":"user"},"conversations":{"container":"conversations"},"group":{"container":"groups"},"page":{"container":"pages"},"event":{"container":"events"},"user":{"container":"users"},"comments":{"container":"comments"}}},"friends":{"enabled":true,"invites":{"enabled":true},"stream":{"create":1}},"lists":{"display":{"limit":5},"stream":{"create":1}},"apps":{"browser":true,"tnc":{"required":true,"message":"COM_EASYSOCIAL_APPS_TNC"}},"layout":{"dashboard":{"apps":{"limit":5},"lists":{"limit":5}},"leaderboard":{"limit":20},"profile":{"apps":{"limit":15}}},"oauth":{"twitter":{"app":"","secret":"","registration":{"enabled":false,"type":"simplified","profile":"1","avatar":true,"cover":true,"tweets":true,"totalTweets":true},"card":{"enabled":false,"type":"summary_large_image"}},"facebook":{"app":"","secret":"","pull":true,"push":true,"opengraph":{"enabled":true},"jfbconnect":{"enabled":false},"registration":{"enabled":false,"type":"simplified","profile":"1","avatar":true,"cover":true,"timeline":true,"totalTimeline":1},"username":"email","autologin":false,"autolink":false},"myspace":{"app":"","secret":""}},"leaderboard":{"listings":{"admin":false}},"badges":{"enabled":true,"storage":"\/media\/com_easysocial\/badges","paths":["admin","site","apps","fields","plugins","modules"]},"followers":{"enabled":true},"points":{"enabled":true,"history":{"limit":60},"paths":["admin","site","apps","fields","plugins","modules"]},"polls":{"enabled":true},"welcome":{"enabled":true,"text":"COM_EASYSOCIAL_WELCOME_MESSAGE"},"profiles":{"stream":{"create":1,"update":1}},"registrations":{"enabled":1,"emailasusername":0,"change.selection":1,"email":{"password":true,"reconfirmation":false},"profiles":{"avatar":true,"showUsers":true,"usersCount":20,"showType":true},"steps":{"progress":1,"heading":1},"mini":{"mode":"quick","profile":"default"},"layout":{"avatar":false,"users":true}},"stream":{"pushtop":{"reactions":true},"clusters":{"private":true},"translations":{"azure":false,"azurekey":"","explicit":false},"timestamp":{"style":"elapsed","format":"Y-m-d H:i"},"aggregation":{"enabled":1,"duration":15},"rss":{"enabled":true},"bookmarks":{"enabled":true},"content":{"nofollow":false,"truncate":false,"truncatelength":250},"archive":{"enabled":true,"duration":6},"pin":{"enabled":true},"comments":{"enabled":true,"guestview":true},"follow":{"enabled":true},"sharing":{"enabled":true},"pagination":{"style":"loadmore","autoload":true,"pagelimit":10,"ordering":"modified"},"story":{"mentions":true,"moods":true,"location":true,"entertosubmit":false},"updates":{"enabled":true,"interval":30},"exclude":{"admin":false},"actions":["likes","comments","repost"]},"activity":{"logs":{"enabled":false},"pagination":{"max":5,"limit":10}},"story":{"friends_enabled":1},"location":{"coords":"40.702147,-74.015794","provider":"maps","foursquare":{"clientid":"","clientsecret":""},"places":{"api":""},"maps":{"api":"","secure":{"api":false,"browser":"","server":""}}},"toolbar":{"display":true},"theme":{"site":"wireframe","site_base":"wireframe","admin":"default","admin_base":"default","apps":"default","fields":"default","compiler":{"mode":"off","use_absolute_uri":0,"allow_template_override":1}},"uploader":{"storage":{"container":"\/media\/com_easysocial\/tmp"}},"users":{"change_username":1,"display":{"profiletype":true},"displayName":"username","avatarUseName":true,"avatarColors":"#F44336, #E91E63, #9C27B0, #03A9F4, #673AB7, #3F51B5, #2196F3, #00BCD4, #009688, #4CAF50, #8BC34A, #CDDC39, #FFEB3B, #FFC107, #FF9800, #FF5722, #795548, #9E9E9E, #607D8B, #000000","avatarFontColor":"#FFFFFF","aliasName":"username","deleteLogic":"unpublish","simpleUrl":false,"avatarWebcam":true,"blocking":{"enabled":true},"reminder":{"enabled":false,"duration":30},"dashboard":{"start":"me","sidebar":"left","everyone":true,"appfilters":true,"customfilters":false,"groups":true,"groupslimit":5,"events":true,"eventslimit":5,"pages":true,"pageslimit":5,"guest":true},"stream":{"login":1,"logout":1,"friend":1,"following":1,"profile":1},"listings":{"admin":false,"sorting":"latest","esadadmin":true,"profilescount":false},"layout":{"cover":true,"profiletitle":true,"badges":true,"gender":true,"age":true,"address":true,"apps":false,"sidebarapps":true,"lastonline":false},"indexer":{"name":"realname","email":false,"privacy":true},"profile":{"display":"timeline","switchgroup":false,"sidebar":"left"},"verification":{"enabled":true,"requests":true},"privacy":{"field":false},"online":{"state":true}},"sharing":{"enabled":1,"vendors":{"email":1,"facebook":1,"twitter":1,"google":1,"live":1,"linkedin":1,"myspace":1,"vk":1,"stumbleupon":1,"digg":1,"tumblr":1,"evernote":1,"reddit":1,"delicious":1},"email":{"limit":10}},"access":{"paths":["admin","site","apps","fields","plugins","modules"]},"comments":{"reply":0,"maxlevel":3,"limit":5,"attachments":true,"resize":{"enabled":false,"width":"1024","height":"768"},"storage":"\/media\/com_easysocial\/comments","submit":1,"smileys":true},"user":{"completeprofile":{"required":false,"strict":true,"action":"info"}},"events":{"showenddate":0,"startofweek":1,"enabled":true,"recurringlimit":50,"editor":"none","ical":true,"invite":{"allowmembers":true,"nonfriends":false},"timeformat":"12h","listing":{"includefeatured":false,"includegroup":false,"includepage":false},"item":{"display":"timeline"},"layout":{"hits":true,"description":true,"listingdesc":true,"address":true,"seatsleft":true,"categoryheaders":true,"timezone":false,"eventtime":false},"feed":{"includeadmin":true},"reminder":{"enabled":true},"sharing":{"showprivate":true}},"video":{"enabled":true,"uploads":false,"embeds":true,"ffmpeg":"\/opt\/local\/bin\/ffmpeg","autoencode":true,"audiobitrate":"64k","size":"720","storage":{"container":"\/media\/com_easysocial\/videos"},"layout":{"item":{"embed":true,"recent":true,"total":5,"hits":true,"duration":true,"details":true,"tags":true},"player":{"logo":false,"watermark":false,"watermarkposition":"top-right"}}},"audio":{"enabled":true,"uploads":false,"embeds":true,"embed":{"spotify":true,"soundcloud":true},"allowencode":true,"encoder":"\/opt\/local\/bin\/ffmpeg","downloads":true,"autoencode":true,"autoimportdata":true,"bitrate":"64k","storage":{"container":"\/media\/com_easysocial\/audios"},"layout":{"item":{"recent":true,"total":5,"hits":true,"duration":true,"details":true,"tags":true}}},"privacy":{"enabled":true},"mobileshortcut":{"enabled":true,"name":"Social Network for Joomla!","shortname":"EasySocial"},"zeroasplural":{"enabled":false}}