<?xml version="1.0" encoding="utf-8"?>
<extension version="3.1" type="module" client="site" method="upgrade">
	<name>EasySocial Leader Board</name>
	<author>Stack Ideas Sdn Bhd</author>
	<creationDate>29th March 2018</creationDate>
	<copyright>Copyright (C) 2009 - 2016 Stack Ideas Sdn Bhd. All rights reserved.</copyright>
	<license>GNU General Public License version 2 or later; see LICENSE.txt</license>
	<authorEmail>support@stackideas.com</authorEmail>
	<authorUrl>http://stackideas.com</authorUrl>
	<version>2.0.166</version>
	<description><![CDATA[MOD_EASYSOCIAL_LEADERBOARD_DESC]]></description>
	<files>
		<folder>tmpl</folder>
		<filename module="mod_easysocial_leaderboard">mod_easysocial_leaderboard.php</filename>
		<filename>mod_easysocial_leaderboard.xml</filename>
	</files>
	<languages>
		<language tag="en-GB">en-GB.mod_easysocial_leaderboard.ini</language>
		<language tag="en-GB">en-GB.mod_easysocial_leaderboard.sys.ini</language>
	</languages>

	<config>
		<fields name="params">
			<fieldset name="basic">
				<field name="total" type="text" class="input-mini text-center" default="5" label="MOD_EASYSOCIAL_LEADERBOARD_TOTAL_USERS" description="MOD_EASYSOCIAL_LEADERBOARD_TOTAL_USERS_DESC" />
				<field name="popover" type="radio" class="btn-group" default="1" label="MOD_EASYSOCIAL_LEADERBOARD_SHOW_TOOLTIP" description="MOD_EASYSOCIAL_LEADERBOARD_SHOW_TOOLTIP_DESC">
					<option value="0">JNO</option>
					<option value="1">JYES</option>
				</field>
				<field name="showall_link" type="radio" class="btn-group" default="1" label="MOD_EASYSOCIAL_LEADERBOARD_SHOW_ALL_LINK" description="MOD_EASYSOCIAL_LEADERBOARD_SHOW_ALL_LINK_DESC">
					<option value="0">JNO</option>
					<option value="1">JYES</option>
				</field>
				<field name="exclude_esad" type="radio" class="btn-group" default="1" label="MOD_EASYSOCIAL_LEADERBOARD_EXCLUDE_ESAD" description="MOD_EASYSOCIAL_LEADERBOARD_EXCLUDE_ESAD_DESC">
					<option value="0">JNO</option>
					<option value="1">JYES</option>
				</field>
				<field name="recentdays" type="text" class="input-mini text-center" default="0" label="MOD_EASYSOCIAL_LEADERBOARD_RECENT_DAYS" description="MOD_EASYSOCIAL_LEADERBOARD_RECENT_DAYS_DESC" />
			</fieldset>
			<fieldset name="advanced">
				<field name="layout" type="modulelayout" label="JFIELD_ALT_LAYOUT_LABEL" description="JFIELD_ALT_MODULE_LAYOUT_DESC" />
				<field name="moduleclass_sfx" type="textarea" rows="3" label="COM_MODULES_FIELD_MODULECLASS_SFX_LABEL" description="COM_MODULES_FIELD_MODULECLASS_SFX_DESC" />
				<field name="cache" type="list" default="0" label="COM_MODULES_FIELD_CACHING_LABEL" description="COM_MODULES_FIELD_CACHING_DESC">
					<option value="1">JGLOBAL_USE_GLOBAL</option>
					<option value="0">COM_MODULES_FIELD_VALUE_NOCACHING</option>
				</field>
			</fieldset>
		</fields>
	</config>
</extension>
