<?xml version="1.0" encoding="utf-8"?>
<social type="fields" group="group">
    <name>Avatar</name>
    <element>avatar</element>
    <author>Stack Ideas Sdn Bhd</author>
    <url>http://stackideas.com</url>
    <created>04/01/2014</created>
    <version>2.0.166</version>
    <copyright>Copyright (c) 2009 - 2013 Stack Ideas Sdn. Bhd.</copyright>
    <license>http://www.gnu.org/licenses/gpl-2.0.html GNU/GPL</license>
    <description><![CDATA[PLG_FIELDS_GROUP_AVATAR_INFO]]></description>
    <core>true</core>
    <unique>true</unique>
    <files>
		<folder>config</folder>
		<file>ajax.php</file>
		<file>avatar.php</file>
		<file>avatar.xml</file>
	</files>
    
</social>
