<?xml version="1.0" encoding="utf-8"?>
<extension version="3.1" type="module" client="site" method="upgrade">
	<name>EasySocial Albums</name>
	<author>Stack Ideas Sdn Bhd</author>
	<creationDate>29th March 2018</creationDate>
	<copyright>Copyright (C) 2009 - 2016 Stack Ideas Sdn Bhd. All rights reserved.</copyright>
	<license>GNU General Public License version 2 or later; see LICENSE.txt</license>
	<authorEmail>support@stackideas.com</authorEmail>
	<authorUrl>http://stackideas.com</authorUrl>
	<version>2.0.166</version>
	<description><![CDATA[MOD_EASYSOCIAL_ALBUMS_DESC]]></description>
	<files>
		<folder>tmpl</folder>
		<filename module="mod_easysocial_albums">mod_easysocial_albums.php</filename>
		<filename>mod_easysocial_albums.xml</filename>
	</files>
	<languages>
		<language tag="en-GB">en-GB.mod_easysocial_albums.ini</language>
		<language tag="en-GB">en-GB.mod_easysocial_albums.sys.ini</language>
	</languages>

	<config>
		<fields name="params">
			<fieldset name="basic" addfieldpath="/administrator/components/com_easysocial/models/fields">
				<field name="userid" type="easysocial_user" label="MOD_EASYSOCIAL_ALBUMS_SELECT_USER" description="MOD_EASYSOCIAL_ALBUMS_SELECT_USER_DESC" />
				<field name="albumid" type="easysocial_album" label="MOD_EASYSOCIAL_ALBUMS_SELECT_ALBUM" description="MOD_EASYSOCIAL_ALBUMS_SELECT_ALBUM_DESC" />
				<field name="total" type="text" class="input-mini text-center" default="6" label="MOD_EASYSOCIAL_ALBUMS_TOTAL" description="MOD_EASYSOCIAL_ALBUMS_TOTAL_DESC" />
				<field name="withCover" type="radio" class="btn-group radio" default="0" label="MOD_EASYSOCIAL_ALBUMS_WITH_PHOTO" description="MOD_EASYSOCIAL_ALBUMS_WITH_PHOTO_DESC">
					<option value="1">JYES</option>
					<option value="0">JNO</option>
				</field>
				<field name="includeCluster" type="radio" class="btn-group radio" default="1" label="MOD_EASYSOCIAL_ALBUMS_INCLUDE_CLUSTER" description="MOD_EASYSOCIAL_ALBUMS_INCLUDE_CLUSTER_DESC">
					<option value="1">JYES</option>
					<option value="0">JNO</option>
				</field>
			</fieldset>
			<fieldset name="advanced">
				<field name="layout" type="modulelayout" label="JFIELD_ALT_LAYOUT_LABEL" description="JFIELD_ALT_MODULE_LAYOUT_DESC" />
				<field name="moduleclass_sfx" type="textarea" rows="3" label="COM_MODULES_FIELD_MODULECLASS_SFX_LABEL" description="COM_MODULES_FIELD_MODULECLASS_SFX_DESC" />
				<field name="cache" type="list" default="0" label="COM_MODULES_FIELD_CACHING_LABEL" description="COM_MODULES_FIELD_CACHING_DESC">
					<option value="1">JGLOBAL_USE_GLOBAL</option>
					<option value="0">COM_MODULES_FIELD_VALUE_NOCACHING</option>
				</field>
			</fieldset>
		</fields>
	</config>
</extension>
