<?xml version="1.0" encoding="utf-8"?>
<social type="fields" group="user">
	<name>Html</name>
	<element>html</element>
	<author>Stack Ideas Sdn Bhd</author>
	<url>http://stackideas.com</url>
	<created>10/02/2014</created>
	<version>2.0.166</version>
	<copyright>Copyright (c) 2009 - 2014 Stack Ideas Sdn. Bhd.</copyright>
	<license>http://www.gnu.org/licenses/gpl-2.0.html GNU/GPL</license>
	<description><![CDATA[FIELDS_USER_HTML_INFO]]></description>
	<core>false</core>
	<unique>false</unique>
	<files>
		<folder>config</folder>
		<folder>themes</folder>
		<file>html.php</file>
		<file>html.xml</file>
	</files>
	
</social>
